year,days_ge_25_0c,days_ge_25_5c,days_ge_26_0c,days_ge_26_5c,days_ge_27_0c,days_ge_27_5c,days_ge_28_0c,days_ge_28_5c,days_ge_29_0c,days_ge_29_5c,days_ge_30_0c,days_ge_30_5c,days_ge_31_0c,days_ge_31_5c,days_ge_32_0c,days_ge_32_5c,days_ge_33_0c,days_ge_33_5c,days_ge_34_0c,days_ge_34_5c,days_ge_35_0c,days_ge_35_5c,days_ge_36_0c,days_ge_36_5c,days_ge_37_0c,days_ge_37_5c,days_ge_38_0c,days_ge_38_5c,days_ge_39_0c,days_ge_39_5c,days_ge_40_0c,days_ge_40_5c,days_ge_41_0c,days_ge_41_5c,days_ge_42_0c,days_ge_25_0c__no_airports,days_ge_25_5c__no_airports,days_ge_26_0c__no_airports,days_ge_26_5c__no_airports,days_ge_27_0c__no_airports,days_ge_27_5c__no_airports,days_ge_28_0c__no_airports,days_ge_28_5c__no_airports,days_ge_29_0c__no_airports,days_ge_29_5c__no_airports,days_ge_30_0c__no_airports,days_ge_30_5c__no_airports,days_ge_31_0c__no_airports,days_ge_31_5c__no_airports,days_ge_32_0c__no_airports,days_ge_32_5c__no_airports,days_ge_33_0c__no_airports,days_ge_33_5c__no_airports,days_ge_34_0c__no_airports,days_ge_34_5c__no_airports,days_ge_35_0c__no_airports,days_ge_35_5c__no_airports,days_ge_36_0c__no_airports,days_ge_36_5c__no_airports,days_ge_37_0c__no_airports,days_ge_37_5c__no_airports,days_ge_38_0c__no_airports,days_ge_38_5c__no_airports,days_ge_39_0c__no_airports,days_ge_39_5c__no_airports,days_ge_40_0c__no_airports,days_ge_40_5c__no_airports,days_ge_41_0c__no_airports,days_ge_41_5c__no_airports,days_ge_42_0c__no_airports,days_ge_25_0c__no_cities,days_ge_25_5c__no_cities,days_ge_26_0c__no_cities,days_ge_26_5c__no_cities,days_ge_27_0c__no_cities,days_ge_27_5c__no_cities,days_ge_28_0c__no_cities,days_ge_28_5c__no_cities,days_ge_29_0c__no_cities,days_ge_29_5c__no_cities,days_ge_30_0c__no_cities,days_ge_30_5c__no_cities,days_ge_31_0c__no_cities,days_ge_31_5c__no_cities,days_ge_32_0c__no_cities,days_ge_32_5c__no_cities,days_ge_33_0c__no_cities,days_ge_33_5c__no_cities,days_ge_34_0c__no_cities,days_ge_34_5c__no_cities,days_ge_35_0c__no_cities,days_ge_35_5c__no_cities,days_ge_36_0c__no_cities,days_ge_36_5c__no_cities,days_ge_37_0c__no_cities,days_ge_37_5c__no_cities,days_ge_38_0c__no_cities,days_ge_38_5c__no_cities,days_ge_39_0c__no_cities,days_ge_39_5c__no_cities,days_ge_40_0c__no_cities,days_ge_40_5c__no_cities,days_ge_41_0c__no_cities,days_ge_41_5c__no_cities,days_ge_42_0c__no_cities,days_ge_25_0c__no_airports_no_cities,days_ge_25_5c__no_airports_no_cities,days_ge_26_0c__no_airports_no_cities,days_ge_26_5c__no_airports_no_cities,days_ge_27_0c__no_airports_no_cities,days_ge_27_5c__no_airports_no_cities,days_ge_28_0c__no_airports_no_cities,days_ge_28_5c__no_airports_no_cities,days_ge_29_0c__no_airports_no_cities,days_ge_29_5c__no_airports_no_cities,days_ge_30_0c__no_airports_no_cities,days_ge_30_5c__no_airports_no_cities,days_ge_31_0c__no_airports_no_cities,days_ge_31_5c__no_airports_no_cities,days_ge_32_0c__no_airports_no_cities,days_ge_32_5c__no_airports_no_cities,days_ge_33_0c__no_airports_no_cities,days_ge_33_5c__no_airports_no_cities,days_ge_34_0c__no_airports_no_cities,days_ge_34_5c__no_airports_no_cities,days_ge_35_0c__no_airports_no_cities,days_ge_35_5c__no_airports_no_cities,days_ge_36_0c__no_airports_no_cities,days_ge_36_5c__no_airports_no_cities,days_ge_37_0c__no_airports_no_cities,days_ge_37_5c__no_airports_no_cities,days_ge_38_0c__no_airports_no_cities,days_ge_38_5c__no_airports_no_cities,days_ge_39_0c__no_airports_no_cities,days_ge_39_5c__no_airports_no_cities,days_ge_40_0c__no_airports_no_cities,days_ge_40_5c__no_airports_no_cities,days_ge_41_0c__no_airports_no_cities,days_ge_41_5c__no_airports_no_cities,days_ge_42_0c__no_airports_no_cities
1781,0,0,0,0,0,0,0,0,0,0,0,0,0,0,0,0,0,0,0,0,0,0,0,0,0,0,0,0,0,0,0,0,0,0,0,0,0,0,0,0,0,0,0,0,0,0,0,0,0,0,0,0,0,0,0,0,0,0,0,0,0,0,0,0,0,0,0,0,0,0,0,0,0,0,0,0,0,0,0,0,0,0,0,0,0,0,0,0,0,0,0,0,0,0,0,0,0,0,0,0,0,0,0,0,0,0,0,0,0,0,0,0,0,0,0,0,0,0,0,0,0,0,0,0,0,0,0,0,0,0,0,0,0,0,0,0,0,0,0,0
1782,0,0,0,0,0,0,0,0,0,0,0,0,0,0,0,0,0,0,0,0,0,0,0,0,0,0,0,0,0,0,0,0,0,0,0,0,0,0,0,0,0,0,0,0,0,0,0,0,0,0,0,0,0,0,0,0,0,0,0,0,0,0,0,0,0,0,0,0,0,0,0,0,0,0,0,0,0,0,0,0,0,0,0,0,0,0,0,0,0,0,0,0,0,0,0,0,0,0,0,0,0,0,0,0,0,0,0,0,0,0,0,0,0,0,0,0,0,0,0,0,0,0,0,0,0,0,0,0,0,0,0,0,0,0,0,0,0,0,0,0
1783,0,0,0,0,0,0,0,0,0,0,0,0,0,0,0,0,0,0,0,0,0,0,0,0,0,0,0,0,0,0,0,0,0,0,0,0,0,0,0,0,0,0,0,0,0,0,0,0,0,0,0,0,0,0,0,0,0,0,0,0,0,0,0,0,0,0,0,0,0,0,0,0,0,0,0,0,0,0,0,0,0,0,0,0,0,0,0,0,0,0,0,0,0,0,0,0,0,0,0,0,0,0,0,0,0,0,0,0,0,0,0,0,0,0,0,0,0,0,0,0,0,0,0,0,0,0,0,0,0,0,0,0,0,0,0,0,0,0,0,0
1784,0,0,0,0,0,0,0,0,0,0,0,0,0,0,0,0,0,0,0,0,0,0,0,0,0,0,0,0,0,0,0,0,0,0,0,0,0,0,0,0,0,0,0,0,0,0,0,0,0,0,0,0,0,0,0,0,0,0,0,0,0,0,0,0,0,0,0,0,0,0,0,0,0,0,0,0,0,0,0,0,0,0,0,0,0,0,0,0,0,0,0,0,0,0,0,0,0,0,0,0,0,0,0,0,0,0,0,0,0,0,0,0,0,0,0,0,0,0,0,0,0,0,0,0,0,0,0,0,0,0,0,0,0,0,0,0,0,0,0,0
1785,0,0,0,0,0,0,0,0,0,0,0,0,0,0,0,0,0,0,0,0,0,0,0,0,0,0,0,0,0,0,0,0,0,0,0,0,0,0,0,0,0,0,0,0,0,0,0,0,0,0,0,0,0,0,0,0,0,0,0,0,0,0,0,0,0,0,0,0,0,0,0,0,0,0,0,0,0,0,0,0,0,0,0,0,0,0,0,0,0,0,0,0,0,0,0,0,0,0,0,0,0,0,0,0,0,0,0,0,0,0,0,0,0,0,0,0,0,0,0,0,0,0,0,0,0,0,0,0,0,0,0,0,0,0,0,0,0,0,0,0
1786,0,0,0,0,0,0,0,0,0,0,0,0,0,0,0,0,0,0,0,0,0,0,0,0,0,0,0,0,0,0,0,0,0,0,0,0,0,0,0,0,0,0,0,0,0,0,0,0,0,0,0,0,0,0,0,0,0,0,0,0,0,0,0,0,0,0,0,0,0,0,0,0,0,0,0,0,0,0,0,0,0,0,0,0,0,0,0,0,0,0,0,0,0,0,0,0,0,0,0,0,0,0,0,0,0,0,0,0,0,0,0,0,0,0,0,0,0,0,0,0,0,0,0,0,0,0,0,0,0,0,0,0,0,0,0,0,0,0,0,0
1789,0,0,0,0,0,0,0,0,0,0,0,0,0,0,0,0,0,0,0,0,0,0,0,0,0,0,0,0,0,0,0,0,0,0,0,0,0,0,0,0,0,0,0,0,0,0,0,0,0,0,0,0,0,0,0,0,0,0,0,0,0,0,0,0,0,0,0,0,0,0,0,0,0,0,0,0,0,0,0,0,0,0,0,0,0,0,0,0,0,0,0,0,0,0,0,0,0,0,0,0,0,0,0,0,0,0,0,0,0,0,0,0,0,0,0,0,0,0,0,0,0,0,0,0,0,0,0,0,0,0,0,0,0,0,0,0,0,0,0,0
1790,0,0,0,0,0,0,0,0,0,0,0,0,0,0,0,0,0,0,0,0,0,0,0,0,0,0,0,0,0,0,0,0,0,0,0,0,0,0,0,0,0,0,0,0,0,0,0,0,0,0,0,0,0,0,0,0,0,0,0,0,0,0,0,0,0,0,0,0,0,0,0,0,0,0,0,0,0,0,0,0,0,0,0,0,0,0,0,0,0,0,0,0,0,0,0,0,0,0,0,0,0,0,0,0,0,0,0,0,0,0,0,0,0,0,0,0,0,0,0,0,0,0,0,0,0,0,0,0,0,0,0,0,0,0,0,0,0,0,0,0
1791,0,0,0,0,0,0,0,0,0,0,0,0,0,0,0,0,0,0,0,0,0,0,0,0,0,0,0,0,0,0,0,0,0,0,0,0,0,0,0,0,0,0,0,0,0,0,0,0,0,0,0,0,0,0,0,0,0,0,0,0,0,0,0,0,0,0,0,0,0,0,0,0,0,0,0,0,0,0,0,0,0,0,0,0,0,0,0,0,0,0,0,0,0,0,0,0,0,0,0,0,0,0,0,0,0,0,0,0,0,0,0,0,0,0,0,0,0,0,0,0,0,0,0,0,0,0,0,0,0,0,0,0,0,0,0,0,0,0,0,0
1792,0,0,0,0,0,0,0,0,0,0,0,0,0,0,0,0,0,0,0,0,0,0,0,0,0,0,0,0,0,0,0,0,0,0,0,0,0,0,0,0,0,0,0,0,0,0,0,0,0,0,0,0,0,0,0,0,0,0,0,0,0,0,0,0,0,0,0,0,0,0,0,0,0,0,0,0,0,0,0,0,0,0,0,0,0,0,0,0,0,0,0,0,0,0,0,0,0,0,0,0,0,0,0,0,0,0,0,0,0,0,0,0,0,0,0,0,0,0,0,0,0,0,0,0,0,0,0,0,0,0,0,0,0,0,0,0,0,0,0,0
1794,0,0,0,0,0,0,0,0,0,0,0,0,0,0,0,0,0,0,0,0,0,0,0,0,0,0,0,0,0,0,0,0,0,0,0,0,0,0,0,0,0,0,0,0,0,0,0,0,0,0,0,0,0,0,0,0,0,0,0,0,0,0,0,0,0,0,0,0,0,0,0,0,0,0,0,0,0,0,0,0,0,0,0,0,0,0,0,0,0,0,0,0,0,0,0,0,0,0,0,0,0,0,0,0,0,0,0,0,0,0,0,0,0,0,0,0,0,0,0,0,0,0,0,0,0,0,0,0,0,0,0,0,0,0,0,0,0,0,0,0
1795,0,0,0,0,0,0,0,0,0,0,0,0,0,0,0,0,0,0,0,0,0,0,0,0,0,0,0,0,0,0,0,0,0,0,0,0,0,0,0,0,0,0,0,0,0,0,0,0,0,0,0,0,0,0,0,0,0,0,0,0,0,0,0,0,0,0,0,0,0,0,0,0,0,0,0,0,0,0,0,0,0,0,0,0,0,0,0,0,0,0,0,0,0,0,0,0,0,0,0,0,0,0,0,0,0,0,0,0,0,0,0,0,0,0,0,0,0,0,0,0,0,0,0,0,0,0,0,0,0,0,0,0,0,0,0,0,0,0,0,0
1796,0,0,0,0,0,0,0,0,0,0,0,0,0,0,0,0,0,0,0,0,0,0,0,0,0,0,0,0,0,0,0,0,0,0,0,0,0,0,0,0,0,0,0,0,0,0,0,0,0,0,0,0,0,0,0,0,0,0,0,0,0,0,0,0,0,0,0,0,0,0,0,0,0,0,0,0,0,0,0,0,0,0,0,0,0,0,0,0,0,0,0,0,0,0,0,0,0,0,0,0,0,0,0,0,0,0,0,0,0,0,0,0,0,0,0,0,0,0,0,0,0,0,0,0,0,0,0,0,0,0,0,0,0,0,0,0,0,0,0,0
1797,0,0,0,0,0,0,0,0,0,0,0,0,0,0,0,0,0,0,0,0,0,0,0,0,0,0,0,0,0,0,0,0,0,0,0,0,0,0,0,0,0,0,0,0,0,0,0,0,0,0,0,0,0,0,0,0,0,0,0,0,0,0,0,0,0,0,0,0,0,0,0,0,0,0,0,0,0,0,0,0,0,0,0,0,0,0,0,0,0,0,0,0,0,0,0,0,0,0,0,0,0,0,0,0,0,0,0,0,0,0,0,0,0,0,0,0,0,0,0,0,0,0,0,0,0,0,0,0,0,0,0,0,0,0,0,0,0,0,0,0
1798,0,0,0,0,0,0,0,0,0,0,0,0,0,0,0,0,0,0,0,0,0,0,0,0,0,0,0,0,0,0,0,0,0,0,0,0,0,0,0,0,0,0,0,0,0,0,0,0,0,0,0,0,0,0,0,0,0,0,0,0,0,0,0,0,0,0,0,0,0,0,0,0,0,0,0,0,0,0,0,0,0,0,0,0,0,0,0,0,0,0,0,0,0,0,0,0,0,0,0,0,0,0,0,0,0,0,0,0,0,0,0,0,0,0,0,0,0,0,0,0,0,0,0,0,0,0,0,0,0,0,0,0,0,0,0,0,0,0,0,0
1800,0,0,0,0,0,0,0,0,0,0,0,0,0,0,0,0,0,0,0,0,0,0,0,0,0,0,0,0,0,0,0,0,0,0,0,0,0,0,0,0,0,0,0,0,0,0,0,0,0,0,0,0,0,0,0,0,0,0,0,0,0,0,0,0,0,0,0,0,0,0,0,0,0,0,0,0,0,0,0,0,0,0,0,0,0,0,0,0,0,0,0,0,0,0,0,0,0,0,0,0,0,0,0,0,0,0,0,0,0,0,0,0,0,0,0,0,0,0,0,0,0,0,0,0,0,0,0,0,0,0,0,0,0,0,0,0,0,0,0,0
1801,0,0,0,0,0,0,0,0,0,0,0,0,0,0,0,0,0,0,0,0,0,0,0,0,0,0,0,0,0,0,0,0,0,0,0,0,0,0,0,0,0,0,0,0,0,0,0,0,0,0,0,0,0,0,0,0,0,0,0,0,0,0,0,0,0,0,0,0,0,0,0,0,0,0,0,0,0,0,0,0,0,0,0,0,0,0,0,0,0,0,0,0,0,0,0,0,0,0,0,0,0,0,0,0,0,0,0,0,0,0,0,0,0,0,0,0,0,0,0,0,0,0,0,0,0,0,0,0,0,0,0,0,0,0,0,0,0,0,0,0
1802,0,0,0,0,0,0,0,0,0,0,0,0,0,0,0,0,0,0,0,0,0,0,0,0,0,0,0,0,0,0,0,0,0,0,0,0,0,0,0,0,0,0,0,0,0,0,0,0,0,0,0,0,0,0,0,0,0,0,0,0,0,0,0,0,0,0,0,0,0,0,0,0,0,0,0,0,0,0,0,0,0,0,0,0,0,0,0,0,0,0,0,0,0,0,0,0,0,0,0,0,0,0,0,0,0,0,0,0,0,0,0,0,0,0,0,0,0,0,0,0,0,0,0,0,0,0,0,0,0,0,0,0,0,0,0,0,0,0,0,0
1803,0,0,0,0,0,0,0,0,0,0,0,0,0,0,0,0,0,0,0,0,0,0,0,0,0,0,0,0,0,0,0,0,0,0,0,0,0,0,0,0,0,0,0,0,0,0,0,0,0,0,0,0,0,0,0,0,0,0,0,0,0,0,0,0,0,0,0,0,0,0,0,0,0,0,0,0,0,0,0,0,0,0,0,0,0,0,0,0,0,0,0,0,0,0,0,0,0,0,0,0,0,0,0,0,0,0,0,0,0,0,0,0,0,0,0,0,0,0,0,0,0,0,0,0,0,0,0,0,0,0,0,0,0,0,0,0,0,0,0,0
1804,0,0,0,0,0,0,0,0,0,0,0,0,0,0,0,0,0,0,0,0,0,0,0,0,0,0,0,0,0,0,0,0,0,0,0,0,0,0,0,0,0,0,0,0,0,0,0,0,0,0,0,0,0,0,0,0,0,0,0,0,0,0,0,0,0,0,0,0,0,0,0,0,0,0,0,0,0,0,0,0,0,0,0,0,0,0,0,0,0,0,0,0,0,0,0,0,0,0,0,0,0,0,0,0,0,0,0,0,0,0,0,0,0,0,0,0,0,0,0,0,0,0,0,0,0,0,0,0,0,0,0,0,0,0,0,0,0,0,0,0
1805,0,0,0,0,0,0,0,0,0,0,0,0,0,0,0,0,0,0,0,0,0,0,0,0,0,0,0,0,0,0,0,0,0,0,0,0,0,0,0,0,0,0,0,0,0,0,0,0,0,0,0,0,0,0,0,0,0,0,0,0,0,0,0,0,0,0,0,0,0,0,0,0,0,0,0,0,0,0,0,0,0,0,0,0,0,0,0,0,0,0,0,0,0,0,0,0,0,0,0,0,0,0,0,0,0,0,0,0,0,0,0,0,0,0,0,0,0,0,0,0,0,0,0,0,0,0,0,0,0,0,0,0,0,0,0,0,0,0,0,0
1806,0,0,0,0,0,0,0,0,0,0,0,0,0,0,0,0,0,0,0,0,0,0,0,0,0,0,0,0,0,0,0,0,0,0,0,0,0,0,0,0,0,0,0,0,0,0,0,0,0,0,0,0,0,0,0,0,0,0,0,0,0,0,0,0,0,0,0,0,0,0,0,0,0,0,0,0,0,0,0,0,0,0,0,0,0,0,0,0,0,0,0,0,0,0,0,0,0,0,0,0,0,0,0,0,0,0,0,0,0,0,0,0,0,0,0,0,0,0,0,0,0,0,0,0,0,0,0,0,0,0,0,0,0,0,0,0,0,0,0,0
1807,0,0,0,0,0,0,0,0,0,0,0,0,0,0,0,0,0,0,0,0,0,0,0,0,0,0,0,0,0,0,0,0,0,0,0,0,0,0,0,0,0,0,0,0,0,0,0,0,0,0,0,0,0,0,0,0,0,0,0,0,0,0,0,0,0,0,0,0,0,0,0,0,0,0,0,0,0,0,0,0,0,0,0,0,0,0,0,0,0,0,0,0,0,0,0,0,0,0,0,0,0,0,0,0,0,0,0,0,0,0,0,0,0,0,0,0,0,0,0,0,0,0,0,0,0,0,0,0,0,0,0,0,0,0,0,0,0,0,0,0
1808,0,0,0,0,0,0,0,0,0,0,0,0,0,0,0,0,0,0,0,0,0,0,0,0,0,0,0,0,0,0,0,0,0,0,0,0,0,0,0,0,0,0,0,0,0,0,0,0,0,0,0,0,0,0,0,0,0,0,0,0,0,0,0,0,0,0,0,0,0,0,0,0,0,0,0,0,0,0,0,0,0,0,0,0,0,0,0,0,0,0,0,0,0,0,0,0,0,0,0,0,0,0,0,0,0,0,0,0,0,0,0,0,0,0,0,0,0,0,0,0,0,0,0,0,0,0,0,0,0,0,0,0,0,0,0,0,0,0,0,0
1809,0,0,0,0,0,0,0,0,0,0,0,0,0,0,0,0,0,0,0,0,0,0,0,0,0,0,0,0,0,0,0,0,0,0,0,0,0,0,0,0,0,0,0,0,0,0,0,0,0,0,0,0,0,0,0,0,0,0,0,0,0,0,0,0,0,0,0,0,0,0,0,0,0,0,0,0,0,0,0,0,0,0,0,0,0,0,0,0,0,0,0,0,0,0,0,0,0,0,0,0,0,0,0,0,0,0,0,0,0,0,0,0,0,0,0,0,0,0,0,0,0,0,0,0,0,0,0,0,0,0,0,0,0,0,0,0,0,0,0,0
1810,0,0,0,0,0,0,0,0,0,0,0,0,0,0,0,0,0,0,0,0,0,0,0,0,0,0,0,0,0,0,0,0,0,0,0,0,0,0,0,0,0,0,0,0,0,0,0,0,0,0,0,0,0,0,0,0,0,0,0,0,0,0,0,0,0,0,0,0,0,0,0,0,0,0,0,0,0,0,0,0,0,0,0,0,0,0,0,0,0,0,0,0,0,0,0,0,0,0,0,0,0,0,0,0,0,0,0,0,0,0,0,0,0,0,0,0,0,0,0,0,0,0,0,0,0,0,0,0,0,0,0,0,0,0,0,0,0,0,0,0
1813,0,0,0,0,0,0,0,0,0,0,0,0,0,0,0,0,0,0,0,0,0,0,0,0,0,0,0,0,0,0,0,0,0,0,0,0,0,0,0,0,0,0,0,0,0,0,0,0,0,0,0,0,0,0,0,0,0,0,0,0,0,0,0,0,0,0,0,0,0,0,0,0,0,0,0,0,0,0,0,0,0,0,0,0,0,0,0,0,0,0,0,0,0,0,0,0,0,0,0,0,0,0,0,0,0,0,0,0,0,0,0,0,0,0,0,0,0,0,0,0,0,0,0,0,0,0,0,0,0,0,0,0,0,0,0,0,0,0,0,0
1814,0,0,0,0,0,0,0,0,0,0,0,0,0,0,0,0,0,0,0,0,0,0,0,0,0,0,0,0,0,0,0,0,0,0,0,0,0,0,0,0,0,0,0,0,0,0,0,0,0,0,0,0,0,0,0,0,0,0,0,0,0,0,0,0,0,0,0,0,0,0,0,0,0,0,0,0,0,0,0,0,0,0,0,0,0,0,0,0,0,0,0,0,0,0,0,0,0,0,0,0,0,0,0,0,0,0,0,0,0,0,0,0,0,0,0,0,0,0,0,0,0,0,0,0,0,0,0,0,0,0,0,0,0,0,0,0,0,0,0,0
1815,0,0,0,0,0,0,0,0,0,0,0,0,0,0,0,0,0,0,0,0,0,0,0,0,0,0,0,0,0,0,0,0,0,0,0,0,0,0,0,0,0,0,0,0,0,0,0,0,0,0,0,0,0,0,0,0,0,0,0,0,0,0,0,0,0,0,0,0,0,0,0,0,0,0,0,0,0,0,0,0,0,0,0,0,0,0,0,0,0,0,0,0,0,0,0,0,0,0,0,0,0,0,0,0,0,0,0,0,0,0,0,0,0,0,0,0,0,0,0,0,0,0,0,0,0,0,0,0,0,0,0,0,0,0,0,0,0,0,0,0
1816,0,0,0,0,0,0,0,0,0,0,0,0,0,0,0,0,0,0,0,0,0,0,0,0,0,0,0,0,0,0,0,0,0,0,0,0,0,0,0,0,0,0,0,0,0,0,0,0,0,0,0,0,0,0,0,0,0,0,0,0,0,0,0,0,0,0,0,0,0,0,0,0,0,0,0,0,0,0,0,0,0,0,0,0,0,0,0,0,0,0,0,0,0,0,0,0,0,0,0,0,0,0,0,0,0,0,0,0,0,0,0,0,0,0,0,0,0,0,0,0,0,0,0,0,0,0,0,0,0,0,0,0,0,0,0,0,0,0,0,0
1817,0,0,0,0,0,0,0,0,0,0,0,0,0,0,0,0,0,0,0,0,0,0,0,0,0,0,0,0,0,0,0,0,0,0,0,0,0,0,0,0,0,0,0,0,0,0,0,0,0,0,0,0,0,0,0,0,0,0,0,0,0,0,0,0,0,0,0,0,0,0,0,0,0,0,0,0,0,0,0,0,0,0,0,0,0,0,0,0,0,0,0,0,0,0,0,0,0,0,0,0,0,0,0,0,0,0,0,0,0,0,0,0,0,0,0,0,0,0,0,0,0,0,0,0,0,0,0,0,0,0,0,0,0,0,0,0,0,0,0,0
1818,0,0,0,0,0,0,0,0,0,0,0,0,0,0,0,0,0,0,0,0,0,0,0,0,0,0,0,0,0,0,0,0,0,0,0,0,0,0,0,0,0,0,0,0,0,0,0,0,0,0,0,0,0,0,0,0,0,0,0,0,0,0,0,0,0,0,0,0,0,0,0,0,0,0,0,0,0,0,0,0,0,0,0,0,0,0,0,0,0,0,0,0,0,0,0,0,0,0,0,0,0,0,0,0,0,0,0,0,0,0,0,0,0,0,0,0,0,0,0,0,0,0,0,0,0,0,0,0,0,0,0,0,0,0,0,0,0,0,0,0
1819,0,0,0,0,0,0,0,0,0,0,0,0,0,0,0,0,0,0,0,0,0,0,0,0,0,0,0,0,0,0,0,0,0,0,0,0,0,0,0,0,0,0,0,0,0,0,0,0,0,0,0,0,0,0,0,0,0,0,0,0,0,0,0,0,0,0,0,0,0,0,0,0,0,0,0,0,0,0,0,0,0,0,0,0,0,0,0,0,0,0,0,0,0,0,0,0,0,0,0,0,0,0,0,0,0,0,0,0,0,0,0,0,0,0,0,0,0,0,0,0,0,0,0,0,0,0,0,0,0,0,0,0,0,0,0,0,0,0,0,0
1820,0,0,0,0,0,0,0,0,0,0,0,0,0,0,0,0,0,0,0,0,0,0,0,0,0,0,0,0,0,0,0,0,0,0,0,0,0,0,0,0,0,0,0,0,0,0,0,0,0,0,0,0,0,0,0,0,0,0,0,0,0,0,0,0,0,0,0,0,0,0,0,0,0,0,0,0,0,0,0,0,0,0,0,0,0,0,0,0,0,0,0,0,0,0,0,0,0,0,0,0,0,0,0,0,0,0,0,0,0,0,0,0,0,0,0,0,0,0,0,0,0,0,0,0,0,0,0,0,0,0,0,0,0,0,0,0,0,0,0,0
1821,0,0,0,0,0,0,0,0,0,0,0,0,0,0,0,0,0,0,0,0,0,0,0,0,0,0,0,0,0,0,0,0,0,0,0,0,0,0,0,0,0,0,0,0,0,0,0,0,0,0,0,0,0,0,0,0,0,0,0,0,0,0,0,0,0,0,0,0,0,0,0,0,0,0,0,0,0,0,0,0,0,0,0,0,0,0,0,0,0,0,0,0,0,0,0,0,0,0,0,0,0,0,0,0,0,0,0,0,0,0,0,0,0,0,0,0,0,0,0,0,0,0,0,0,0,0,0,0,0,0,0,0,0,0,0,0,0,0,0,0
1822,0,0,0,0,0,0,0,0,0,0,0,0,0,0,0,0,0,0,0,0,0,0,0,0,0,0,0,0,0,0,0,0,0,0,0,0,0,0,0,0,0,0,0,0,0,0,0,0,0,0,0,0,0,0,0,0,0,0,0,0,0,0,0,0,0,0,0,0,0,0,0,0,0,0,0,0,0,0,0,0,0,0,0,0,0,0,0,0,0,0,0,0,0,0,0,0,0,0,0,0,0,0,0,0,0,0,0,0,0,0,0,0,0,0,0,0,0,0,0,0,0,0,0,0,0,0,0,0,0,0,0,0,0,0,0,0,0,0,0,0
1823,0,0,0,0,0,0,0,0,0,0,0,0,0,0,0,0,0,0,0,0,0,0,0,0,0,0,0,0,0,0,0,0,0,0,0,0,0,0,0,0,0,0,0,0,0,0,0,0,0,0,0,0,0,0,0,0,0,0,0,0,0,0,0,0,0,0,0,0,0,0,0,0,0,0,0,0,0,0,0,0,0,0,0,0,0,0,0,0,0,0,0,0,0,0,0,0,0,0,0,0,0,0,0,0,0,0,0,0,0,0,0,0,0,0,0,0,0,0,0,0,0,0,0,0,0,0,0,0,0,0,0,0,0,0,0,0,0,0,0,0
1824,36,30,24,19,15,13,6,5,2,2,1,1,0,0,0,0,0,0,0,0,0,0,0,0,0,0,0,0,0,0,0,0,0,0,0,36,30,24,19,15,13,6,5,2,2,1,1,0,0,0,0,0,0,0,0,0,0,0,0,0,0,0,0,0,0,0,0,0,0,0,36,30,24,19,15,13,6,5,2,2,1,1,0,0,0,0,0,0,0,0,0,0,0,0,0,0,0,0,0,0,0,0,0,0,0,36,30,24,19,15,13,6,5,2,2,1,1,0,0,0,0,0,0,0,0,0,0,0,0,0,0,0,0,0,0,0,0,0,0,0
1825,36,32,31,23,21,17,15,14,11,10,9,5,5,1,1,0,0,0,0,0,0,0,0,0,0,0,0,0,0,0,0,0,0,0,0,36,32,31,23,21,17,15,14,11,10,9,5,5,1,1,0,0,0,0,0,0,0,0,0,0,0,0,0,0,0,0,0,0,0,0,36,32,31,23,21,17,15,14,11,10,9,5,5,1,1,0,0,0,0,0,0,0,0,0,0,0,0,0,0,0,0,0,0,0,0,36,32,31,23,21,17,15,14,11,10,9,5,5,1,1,0,0,0,0,0,0,0,0,0,0,0,0,0,0,0,0,0,0,0,0
1826,71,54,50,42,42,38,31,26,24,21,19,15,13,10,9,6,5,2,0,0,0,0,0,0,0,0,0,0,0,0,0,0,0,0,0,71,54,50,42,42,38,31,26,24,21,19,15,13,10,9,6,5,2,0,0,0,0,0,0,0,0,0,0,0,0,0,0,0,0,0,53,43,39,34,33,27,24,19,17,13,11,11,8,7,6,3,3,1,0,0,0,0,0,0,0,0,0,0,0,0,0,0,0,0,0,53,43,39,34,33,27,24,19,17,13,11,11,8,7,6,3,3,1,0,0,0,0,0,0,0,0,0,0,0,0,0,0,0,0,0
1827,44,35,29,26,22,22,14,13,9,8,8,5,3,1,1,1,1,0,0,0,0,0,0,0,0,0,0,0,0,0,0,0,0,0,0,44,35,29,26,22,22,14,13,9,8,8,5,3,1,1,1,1,0,0,0,0,0,0,0,0,0,0,0,0,0,0,0,0,0,0,44,35,29,26,22,22,14,13,9,8,8,5,3,1,1,1,1,0,0,0,0,0,0,0,0,0,0,0,0,0,0,0,0,0,0,44,35,29,26,22,22,14,13,9,8,8,5,3,1,1,1,1,0,0,0,0,0,0,0,0,0,0,0,0,0,0,0,0,0,0
1828,28,17,14,12,10,9,8,7,6,5,5,5,5,4,3,3,0,0,0,0,0,0,0,0,0,0,0,0,0,0,0,0,0,0,0,28,17,14,12,10,9,8,7,6,5,5,5,5,4,3,3,0,0,0,0,0,0,0,0,0,0,0,0,0,0,0,0,0,0,0,28,17,14,12,10,9,8,7,6,5,5,5,5,4,3,3,0,0,0,0,0,0,0,0,0,0,0,0,0,0,0,0,0,0,0,28,17,14,12,10,9,8,7,6,5,5,5,5,4,3,3,0,0,0,0,0,0,0,0,0,0,0,0,0,0,0,0,0,0,0
1829,23,20,17,16,15,13,12,10,10,8,7,5,4,3,3,2,1,1,0,0,0,0,0,0,0,0,0,0,0,0,0,0,0,0,0,23,20,17,16,15,13,12,10,10,8,7,5,4,3,3,2,1,1,0,0,0,0,0,0,0,0,0,0,0,0,0,0,0,0,0,23,20,17,16,15,13,12,10,10,8,7,5,4,3,3,2,1,1,0,0,0,0,0,0,0,0,0,0,0,0,0,0,0,0,0,23,20,17,16,15,13,12,10,10,8,7,5,4,3,3,2,1,1,0,0,0,0,0,0,0,0,0,0,0,0,0,0,0,0,0
1830,27,23,18,15,14,10,9,8,7,7,6,6,4,4,4,4,2,1,1,0,0,0,0,0,0,0,0,0,0,0,0,0,0,0,0,27,23,18,15,14,10,9,8,7,7,6,6,4,4,4,4,2,1,1,0,0,0,0,0,0,0,0,0,0,0,0,0,0,0,0,27,23,18,15,14,10,9,8,7,7,6,6,4,4,4,4,2,1,1,0,0,0,0,0,0,0,0,0,0,0,0,0,0,0,0,27,23,18,15,14,10,9,8,7,7,6,6,4,4,4,4,2,1,1,0,0,0,0,0,0,0,0,0,0,0,0,0,0,0,0
1831,18,14,9,6,2,1,0,0,0,0,0,0,0,0,0,0,0,0,0,0,0,0,0,0,0,0,0,0,0,0,0,0,0,0,0,18,14,9,6,2,1,0,0,0,0,0,0,0,0,0,0,0,0,0,0,0,0,0,0,0,0,0,0,0,0,0,0,0,0,0,18,14,9,6,2,1,0,0,0,0,0,0,0,0,0,0,0,0,0,0,0,0,0,0,0,0,0,0,0,0,0,0,0,0,0,18,14,9,6,2,1,0,0,0,0,0,0,0,0,0,0,0,0,0,0,0,0,0,0,0,0,0,0,0,0,0,0,0,0,0
1832,24,18,14,14,11,10,9,6,5,4,4,4,3,2,2,2,2,2,2,0,0,0,0,0,0,0,0,0,0,0,0,0,0,0,0,24,18,14,14,11,10,9,6,5,4,4,4,3,2,2,2,2,2,2,0,0,0,0,0,0,0,0,0,0,0,0,0,0,0,0,24,18,14,14,11,10,9,6,5,4,4,4,3,2,2,2,2,2,2,0,0,0,0,0,0,0,0,0,0,0,0,0,0,0,0,24,18,14,14,11,10,9,6,5,4,4,4,3,2,2,2,2,2,2,0,0,0,0,0,0,0,0,0,0,0,0,0,0,0,0
1833,28,23,21,18,13,11,8,5,5,5,3,3,2,2,2,1,0,0,0,0,0,0,0,0,0,0,0,0,0,0,0,0,0,0,0,28,23,21,18,13,11,8,5,5,5,3,3,2,2,2,1,0,0,0,0,0,0,0,0,0,0,0,0,0,0,0,0,0,0,0,28,23,21,18,13,11,8,5,5,5,3,3,2,2,2,1,0,0,0,0,0,0,0,0,0,0,0,0,0,0,0,0,0,0,0,28,23,21,18,13,11,8,5,5,5,3,3,2,2,2,1,0,0,0,0,0,0,0,0,0,0,0,0,0,0,0,0,0,0,0
1834,60,56,45,40,32,28,21,17,12,8,7,5,2,2,2,1,0,0,0,0,0,0,0,0,0,0,0,0,0,0,0,0,0,0,0,60,56,45,40,32,28,21,17,12,8,7,5,2,2,2,1,0,0,0,0,0,0,0,0,0,0,0,0,0,0,0,0,0,0,0,60,56,45,40,32,28,21,17,12,8,7,5,2,2,2,1,0,0,0,0,0,0,0,0,0,0,0,0,0,0,0,0,0,0,0,60,56,45,40,32,28,21,17,12,8,7,5,2,2,2,1,0,0,0,0,0,0,0,0,0,0,0,0,0,0,0,0,0,0,0
1835,39,35,32,27,21,9,7,5,4,3,2,1,1,0,0,0,0,0,0,0,0,0,0,0,0,0,0,0,0,0,0,0,0,0,0,39,35,32,27,21,9,7,5,4,3,2,1,1,0,0,0,0,0,0,0,0,0,0,0,0,0,0,0,0,0,0,0,0,0,0,39,35,32,27,21,9,7,5,4,3,2,1,1,0,0,0,0,0,0,0,0,0,0,0,0,0,0,0,0,0,0,0,0,0,0,39,35,32,27,21,9,7,5,4,3,2,1,1,0,0,0,0,0,0,0,0,0,0,0,0,0,0,0,0,0,0,0,0,0,0
1836,19,17,14,12,11,9,7,3,3,1,1,1,0,0,0,0,0,0,0,0,0,0,0,0,0,0,0,0,0,0,0,0,0,0,0,19,17,14,12,11,9,7,3,3,1,1,1,0,0,0,0,0,0,0,0,0,0,0,0,0,0,0,0,0,0,0,0,0,0,0,19,17,14,12,11,9,7,3,3,1,1,1,0,0,0,0,0,0,0,0,0,0,0,0,0,0,0,0,0,0,0,0,0,0,0,19,17,14,12,11,9,7,3,3,1,1,1,0,0,0,0,0,0,0,0,0,0,0,0,0,0,0,0,0,0,0,0,0,0,0
1837,20,20,14,12,9,8,5,4,3,2,1,1,0,0,0,0,0,0,0,0,0,0,0,0,0,0,0,0,0,0,0,0,0,0,0,20,20,14,12,9,8,5,4,3,2,1,1,0,0,0,0,0,0,0,0,0,0,0,0,0,0,0,0,0,0,0,0,0,0,0,20,20,14,12,9,8,5,4,3,2,1,1,0,0,0,0,0,0,0,0,0,0,0,0,0,0,0,0,0,0,0,0,0,0,0,20,20,14,12,9,8,5,4,3,2,1,1,0,0,0,0,0,0,0,0,0,0,0,0,0,0,0,0,0,0,0,0,0,0,0
1838,36,29,27,22,17,16,9,8,6,5,5,3,3,3,2,2,2,1,0,0,0,0,0,0,0,0,0,0,0,0,0,0,0,0,0,36,29,27,22,17,16,9,8,6,5,5,3,3,3,2,2,2,1,0,0,0,0,0,0,0,0,0,0,0,0,0,0,0,0,0,19,17,14,11,7,6,6,4,3,2,2,2,1,0,0,0,0,0,0,0,0,0,0,0,0,0,0,0,0,0,0,0,0,0,0,19,17,14,11,7,6,6,4,3,2,2,2,1,0,0,0,0,0,0,0,0,0,0,0,0,0,0,0,0,0,0,0,0,0,0
1839,50,42,36,29,25,25,20,17,13,13,13,9,7,4,2,1,0,0,0,0,0,0,0,0,0,0,0,0,0,0,0,0,0,0,0,50,42,36,29,25,25,20,17,13,13,13,9,7,4,2,1,0,0,0,0,0,0,0,0,0,0,0,0,0,0,0,0,0,0,0,28,27,23,19,15,12,11,6,5,4,4,3,3,1,0,0,0,0,0,0,0,0,0,0,0,0,0,0,0,0,0,0,0,0,0,28,27,23,19,15,12,11,6,5,4,4,3,3,1,0,0,0,0,0,0,0,0,0,0,0,0,0,0,0,0,0,0,0,0,0
1840,34,22,17,11,8,6,5,3,2,1,0,0,0,0,0,0,0,0,0,0,0,0,0,0,0,0,0,0,0,0,0,0,0,0,0,34,22,17,11,8,6,5,3,2,1,0,0,0,0,0,0,0,0,0,0,0,0,0,0,0,0,0,0,0,0,0,0,0,0,0,12,9,6,3,2,1,1,1,0,0,0,0,0,0,0,0,0,0,0,0,0,0,0,0,0,0,0,0,0,0,0,0,0,0,0,12,9,6,3,2,1,1,1,0,0,0,0,0,0,0,0,0,0,0,0,0,0,0,0,0,0,0,0,0,0,0,0,0,0,0
1841,53,46,42,32,24,21,16,14,8,7,6,6,3,0,0,0,0,0,0,0,0,0,0,0,0,0,0,0,0,0,0,0,0,0,0,53,46,42,32,24,21,16,14,8,7,6,6,3,0,0,0,0,0,0,0,0,0,0,0,0,0,0,0,0,0,0,0,0,0,0,30,24,18,11,8,4,3,3,2,2,2,2,0,0,0,0,0,0,0,0,0,0,0,0,0,0,0,0,0,0,0,0,0,0,0,30,24,18,11,8,4,3,3,2,2,2,2,0,0,0,0,0,0,0,0,0,0,0,0,0,0,0,0,0,0,0,0,0,0,0
1842,66,55,51,50,46,38,33,24,21,19,16,13,10,5,2,2,1,1,0,0,0,0,0,0,0,0,0,0,0,0,0,0,0,0,0,66,55,51,50,46,38,33,24,21,19,16,13,10,5,2,2,1,1,0,0,0,0,0,0,0,0,0,0,0,0,0,0,0,0,0,40,36,32,28,25,20,18,14,10,9,7,6,4,3,2,0,0,0,0,0,0,0,0,0,0,0,0,0,0,0,0,0,0,0,0,40,36,32,28,25,20,18,14,10,9,7,6,4,3,2,0,0,0,0,0,0,0,0,0,0,0,0,0,0,0,0,0,0,0,0
1843,27,24,21,15,11,10,8,5,3,2,2,2,1,0,0,0,0,0,0,0,0,0,0,0,0,0,0,0,0,0,0,0,0,0,0,27,24,21,15,11,10,8,5,3,2,2,2,1,0,0,0,0,0,0,0,0,0,0,0,0,0,0,0,0,0,0,0,0,0,0,8,5,4,1,1,1,1,0,0,0,0,0,0,0,0,0,0,0,0,0,0,0,0,0,0,0,0,0,0,0,0,0,0,0,0,8,5,4,1,1,1,1,0,0,0,0,0,0,0,0,0,0,0,0,0,0,0,0,0,0,0,0,0,0,0,0,0,0,0,0
1844,19,15,13,9,8,6,5,5,4,4,3,1,1,1,1,0,0,0,0,0,0,0,0,0,0,0,0,0,0,0,0,0,0,0,0,19,15,13,9,8,6,5,5,4,4,3,1,1,1,1,0,0,0,0,0,0,0,0,0,0,0,0,0,0,0,0,0,0,0,0,10,8,7,5,4,3,2,1,1,0,0,0,0,0,0,0,0,0,0,0,0,0,0,0,0,0,0,0,0,0,0,0,0,0,0,10,8,7,5,4,3,2,1,1,0,0,0,0,0,0,0,0,0,0,0,0,0,0,0,0,0,0,0,0,0,0,0,0,0,0
1845,31,26,22,18,15,14,11,11,11,9,8,7,7,4,4,4,4,4,2,1,1,0,0,0,0,0,0,0,0,0,0,0,0,0,0,31,26,22,18,15,14,11,11,11,9,8,7,7,4,4,4,4,4,2,1,1,0,0,0,0,0,0,0,0,0,0,0,0,0,0,21,17,15,11,9,8,6,6,6,4,4,4,4,4,4,3,2,1,1,0,0,0,0,0,0,0,0,0,0,0,0,0,0,0,0,21,17,15,11,9,8,6,6,6,4,4,4,4,4,4,3,2,1,1,0,0,0,0,0,0,0,0,0,0,0,0,0,0,0,0
1846,81,72,64,49,44,37,29,26,18,17,13,12,11,10,8,4,3,2,0,0,0,0,0,0,0,0,0,0,0,0,0,0,0,0,0,81,72,64,49,44,37,29,26,18,17,13,12,11,10,8,4,3,2,0,0,0,0,0,0,0,0,0,0,0,0,0,0,0,0,0,40,33,30,25,22,16,16,16,13,11,7,3,2,2,2,0,0,0,0,0,0,0,0,0,0,0,0,0,0,0,0,0,0,0,0,40,33,30,25,22,16,16,16,13,11,7,3,2,2,2,0,0,0,0,0,0,0,0,0,0,0,0,0,0,0,0,0,0,0,0
1847,52,46,40,33,33,31,27,19,17,16,15,11,10,5,3,2,2,1,0,0,0,0,0,0,0,0,0,0,0,0,0,0,0,0,0,52,46,40,33,33,31,27,19,17,16,15,11,10,5,3,2,2,1,0,0,0,0,0,0,0,0,0,0,0,0,0,0,0,0,0,29,27,22,18,15,12,10,7,5,5,5,3,2,1,1,0,0,0,0,0,0,0,0,0,0,0,0,0,0,0,0,0,0,0,0,29,27,22,18,15,12,10,7,5,5,5,3,2,1,1,0,0,0,0,0,0,0,0,0,0,0,0,0,0,0,0,0,0,0,0
1848,44,37,31,26,22,18,14,10,7,7,5,4,3,0,0,0,0,0,0,0,0,0,0,0,0,0,0,0,0,0,0,0,0,0,0,44,37,31,26,22,18,14,10,7,7,5,4,3,0,0,0,0,0,0,0,0,0,0,0,0,0,0,0,0,0,0,0,0,0,0,30,27,20,18,14,12,11,8,7,6,4,3,2,0,0,0,0,0,0,0,0,0,0,0,0,0,0,0,0,0,0,0,0,0,0,30,27,20,18,14,12,11,8,7,6,4,3,2,0,0,0,0,0,0,0,0,0,0,0,0,0,0,0,0,0,0,0,0,0,0
1849,35,29,24,17,14,13,12,12,11,10,9,7,5,3,3,3,3,1,0,0,0,0,0,0,0,0,0,0,0,0,0,0,0,0,0,35,29,24,17,14,13,12,12,11,10,9,7,5,3,3,3,3,1,0,0,0,0,0,0,0,0,0,0,0,0,0,0,0,0,0,19,16,13,12,10,10,7,6,5,4,4,3,2,2,1,0,0,0,0,0,0,0,0,0,0,0,0,0,0,0,0,0,0,0,0,19,16,13,12,10,10,7,6,5,4,4,3,2,2,1,0,0,0,0,0,0,0,0,0,0,0,0,0,0,0,0,0,0,0,0
1850,37,33,28,21,16,15,12,8,4,3,3,2,1,0,0,0,0,0,0,0,0,0,0,0,0,0,0,0,0,0,0,0,0,0,0,37,33,28,21,16,15,12,8,4,3,3,2,1,0,0,0,0,0,0,0,0,0,0,0,0,0,0,0,0,0,0,0,0,0,0,18,14,10,7,6,4,4,4,1,0,0,0,0,0,0,0,0,0,0,0,0,0,0,0,0,0,0,0,0,0,0,0,0,0,0,18,14,10,7,6,4,4,4,1,0,0,0,0,0,0,0,0,0,0,0,0,0,0,0,0,0,0,0,0,0,0,0,0,0,0
1851,37,33,27,20,16,12,5,2,2,0,0,0,0,0,0,0,0,0,0,0,0,0,0,0,0,0,0,0,0,0,0,0,0,0,0,37,33,27,20,16,12,5,2,2,0,0,0,0,0,0,0,0,0,0,0,0,0,0,0,0,0,0,0,0,0,0,0,0,0,0,16,11,6,5,2,2,1,0,0,0,0,0,0,0,0,0,0,0,0,0,0,0,0,0,0,0,0,0,0,0,0,0,0,0,0,16,11,6,5,2,2,1,0,0,0,0,0,0,0,0,0,0,0,0,0,0,0,0,0,0,0,0,0,0,0,0,0,0,0,0
1852,50,40,33,31,27,27,17,13,11,10,8,7,7,5,4,3,1,1,0,0,0,0,0,0,0,0,0,0,0,0,0,0,0,0,0,50,40,33,31,27,27,17,13,11,10,8,7,7,5,4,3,1,1,0,0,0,0,0,0,0,0,0,0,0,0,0,0,0,0,0,30,27,23,19,13,11,9,6,4,3,1,1,1,0,0,0,0,0,0,0,0,0,0,0,0,0,0,0,0,0,0,0,0,0,0,30,27,23,19,13,11,9,6,4,3,1,1,1,0,0,0,0,0,0,0,0,0,0,0,0,0,0,0,0,0,0,0,0,0,0
1853,31,29,25,19,17,17,16,14,9,7,6,5,4,4,3,2,2,1,0,0,0,0,0,0,0,0,0,0,0,0,0,0,0,0,0,31,29,25,19,17,17,16,14,9,7,6,5,4,4,3,2,2,1,0,0,0,0,0,0,0,0,0,0,0,0,0,0,0,0,0,22,20,17,12,12,11,9,7,5,5,2,2,1,1,1,0,0,0,0,0,0,0,0,0,0,0,0,0,0,0,0,0,0,0,0,22,20,17,12,12,11,9,7,5,5,2,2,1,1,1,0,0,0,0,0,0,0,0,0,0,0,0,0,0,0,0,0,0,0,0
1854,31,27,25,17,13,10,9,8,7,7,7,6,6,4,4,1,1,1,0,0,0,0,0,0,0,0,0,0,0,0,0,0,0,0,0,31,27,25,17,13,10,9,8,7,7,7,6,6,4,4,1,1,1,0,0,0,0,0,0,0,0,0,0,0,0,0,0,0,0,0,19,18,15,10,8,6,6,5,4,3,1,1,1,0,0,0,0,0,0,0,0,0,0,0,0,0,0,0,0,0,0,0,0,0,0,19,18,15,10,8,6,6,5,4,3,1,1,1,0,0,0,0,0,0,0,0,0,0,0,0,0,0,0,0,0,0,0,0,0,0
1855,40,31,28,24,21,18,15,12,10,8,6,4,4,1,1,1,1,1,0,0,0,0,0,0,0,0,0,0,0,0,0,0,0,0,0,40,31,28,24,21,18,15,12,10,8,6,4,4,1,1,1,1,1,0,0,0,0,0,0,0,0,0,0,0,0,0,0,0,0,0,19,15,13,8,5,5,5,3,2,1,0,0,0,0,0,0,0,0,0,0,0,0,0,0,0,0,0,0,0,0,0,0,0,0,0,19,15,13,8,5,5,5,3,2,1,0,0,0,0,0,0,0,0,0,0,0,0,0,0,0,0,0,0,0,0,0,0,0,0,0
1856,36,32,28,25,24,22,19,16,12,11,10,4,3,1,1,1,1,1,1,0,0,0,0,0,0,0,0,0,0,0,0,0,0,0,0,36,32,28,25,24,22,19,16,12,11,10,4,3,1,1,1,1,1,1,0,0,0,0,0,0,0,0,0,0,0,0,0,0,0,0,24,19,17,16,12,7,4,2,2,1,1,0,0,0,0,0,0,0,0,0,0,0,0,0,0,0,0,0,0,0,0,0,0,0,0,24,19,17,16,12,7,4,2,2,1,1,0,0,0,0,0,0,0,0,0,0,0,0,0,0,0,0,0,0,0,0,0,0,0,0
1857,86,79,73,63,53,45,40,36,31,28,22,15,13,12,11,8,7,4,3,3,3,1,0,0,0,0,0,0,0,0,0,0,0,0,0,86,79,73,63,53,45,40,36,31,28,22,15,13,12,11,8,7,4,3,3,3,1,0,0,0,0,0,0,0,0,0,0,0,0,0,50,45,38,29,24,21,19,16,15,11,8,5,3,3,1,1,0,0,0,0,0,0,0,0,0,0,0,0,0,0,0,0,0,0,0,50,45,38,29,24,21,19,16,15,11,8,5,3,3,1,1,0,0,0,0,0,0,0,0,0,0,0,0,0,0,0,0,0,0,0
1858,67,49,48,42,40,36,34,28,27,26,23,17,16,11,8,6,5,2,1,0,0,0,0,0,0,0,0,0,0,0,0,0,0,0,0,67,49,48,42,40,36,34,28,27,26,23,17,16,11,8,6,5,2,1,0,0,0,0,0,0,0,0,0,0,0,0,0,0,0,0,36,31,28,26,22,19,17,12,9,7,3,1,1,0,0,0,0,0,0,0,0,0,0,0,0,0,0,0,0,0,0,0,0,0,0,36,31,28,26,22,19,17,12,9,7,3,1,1,0,0,0,0,0,0,0,0,0,0,0,0,0,0,0,0,0,0,0,0,0,0
1859,85,76,73,65,57,51,43,40,32,28,25,22,21,17,15,15,10,9,6,6,6,3,1,0,0,0,0,0,0,0,0,0,0,0,0,85,76,73,65,57,51,43,40,32,28,25,22,21,17,15,15,10,9,6,6,6,3,1,0,0,0,0,0,0,0,0,0,0,0,0,49,43,32,29,25,18,17,13,9,9,7,5,4,4,3,0,0,0,0,0,0,0,0,0,0,0,0,0,0,0,0,0,0,0,0,49,43,32,29,25,18,17,13,9,9,7,5,4,4,3,0,0,0,0,0,0,0,0,0,0,0,0,0,0,0,0,0,0,0,0
1860,28,22,18,15,13,13,8,6,6,5,2,1,0,0,0,0,0,0,0,0,0,0,0,0,0,0,0,0,0,0,0,0,0,0,0,28,22,18,15,13,13,8,6,6,5,2,1,0,0,0,0,0,0,0,0,0,0,0,0,0,0,0,0,0,0,0,0,0,0,0,14,14,12,10,6,3,3,0,0,0,0,0,0,0,0,0,0,0,0,0,0,0,0,0,0,0,0,0,0,0,0,0,0,0,0,14,14,12,10,6,3,3,0,0,0,0,0,0,0,0,0,0,0,0,0,0,0,0,0,0,0,0,0,0,0,0,0,0,0,0
1861,58,53,49,45,40,36,31,24,20,19,15,12,9,8,6,5,2,1,1,1,0,0,0,0,0,0,0,0,0,0,0,0,0,0,0,58,53,49,45,40,36,31,24,20,19,15,12,9,8,6,5,2,1,1,1,0,0,0,0,0,0,0,0,0,0,0,0,0,0,0,40,34,29,25,18,16,12,10,8,6,4,4,3,3,1,1,1,0,0,0,0,0,0,0,0,0,0,0,0,0,0,0,0,0,0,40,34,29,25,18,16,12,10,8,6,4,4,3,3,1,1,1,0,0,0,0,0,0,0,0,0,0,0,0,0,0,0,0,0,0
1862,51,42,36,29,25,25,18,17,13,11,9,6,5,4,3,2,0,0,0,0,0,0,0,0,0,0,0,0,0,0,0,0,0,0,0,51,42,36,29,25,25,18,17,13,11,9,6,5,4,3,2,0,0,0,0,0,0,0,0,0,0,0,0,0,0,0,0,0,0,0,48,38,33,22,17,16,11,11,8,7,6,5,5,2,1,1,0,0,0,0,0,0,0,0,0,0,0,0,0,0,0,0,0,0,0,48,38,33,22,17,16,11,11,8,7,6,5,5,2,1,1,0,0,0,0,0,0,0,0,0,0,0,0,0,0,0,0,0,0,0
1863,48,42,39,34,29,26,20,18,14,14,12,7,6,5,5,4,2,1,1,1,1,1,1,0,0,0,0,0,0,0,0,0,0,0,0,48,42,39,34,29,26,20,18,14,14,12,7,6,5,5,4,2,1,1,1,1,1,1,0,0,0,0,0,0,0,0,0,0,0,0,48,42,39,32,27,25,18,17,14,14,12,6,5,5,5,4,2,1,1,1,1,1,0,0,0,0,0,0,0,0,0,0,0,0,0,48,42,39,32,27,25,18,17,14,14,12,6,5,5,5,4,2,1,1,1,1,1,0,0,0,0,0,0,0,0,0,0,0,0,0
1864,44,32,29,22,17,15,12,10,5,3,2,2,2,1,0,0,0,0,0,0,0,0,0,0,0,0,0,0,0,0,0,0,0,0,0,44,32,29,22,17,15,12,10,5,3,2,2,2,1,0,0,0,0,0,0,0,0,0,0,0,0,0,0,0,0,0,0,0,0,0,38,28,25,21,16,13,10,9,4,3,2,2,1,1,0,0,0,0,0,0,0,0,0,0,0,0,0,0,0,0,0,0,0,0,0,38,28,25,21,16,13,10,9,4,3,2,2,1,1,0,0,0,0,0,0,0,0,0,0,0,0,0,0,0,0,0,0,0,0,0
1865,77,67,61,51,48,46,37,33,26,16,16,11,9,9,9,9,5,5,4,3,3,3,2,1,0,0,0,0,0,0,0,0,0,0,0,77,67,61,51,48,46,37,33,26,16,16,11,9,9,9,9,5,5,4,3,3,3,2,1,0,0,0,0,0,0,0,0,0,0,0,72,57,53,46,41,37,29,24,19,15,14,11,9,9,9,7,5,5,4,3,2,2,1,1,0,0,0,0,0,0,0,0,0,0,0,72,57,53,46,41,37,29,24,19,15,14,11,9,9,9,7,5,5,4,3,2,2,1,1,0,0,0,0,0,0,0,0,0,0,0
1866,47,42,38,32,29,27,20,16,13,10,9,8,6,2,2,1,0,0,0,0,0,0,0,0,0,0,0,0,0,0,0,0,0,0,0,47,42,38,32,29,27,20,16,13,10,9,8,6,2,2,1,0,0,0,0,0,0,0,0,0,0,0,0,0,0,0,0,0,0,0,42,38,34,29,26,22,18,14,10,9,7,7,6,2,2,0,0,0,0,0,0,0,0,0,0,0,0,0,0,0,0,0,0,0,0,42,38,34,29,26,22,18,14,10,9,7,7,6,2,2,0,0,0,0,0,0,0,0,0,0,0,0,0,0,0,0,0,0,0,0
1867,62,57,48,45,38,33,23,19,15,13,12,10,3,2,2,2,0,0,0,0,0,0,0,0,0,0,0,0,0,0,0,0,0,0,0,62,57,48,45,38,33,23,19,15,13,12,10,3,2,2,2,0,0,0,0,0,0,0,0,0,0,0,0,0,0,0,0,0,0,0,59,53,45,37,36,28,19,17,14,10,9,6,3,2,2,1,0,0,0,0,0,0,0,0,0,0,0,0,0,0,0,0,0,0,0,59,53,45,37,36,28,19,17,14,10,9,6,3,2,2,1,0,0,0,0,0,0,0,0,0,0,0,0,0,0,0,0,0,0,0
1868,97,93,90,82,77,73,64,58,51,44,43,37,36,27,21,19,13,9,6,6,4,2,0,0,0,0,0,0,0,0,0,0,0,0,0,97,93,90,82,77,73,64,58,51,44,43,37,36,27,21,19,13,9,6,6,4,2,0,0,0,0,0,0,0,0,0,0,0,0,0,95,89,85,79,72,71,62,56,50,44,43,36,35,26,19,18,12,8,5,5,4,2,0,0,0,0,0,0,0,0,0,0,0,0,0,95,89,85,79,72,71,62,56,50,44,43,36,35,26,19,18,12,8,5,5,4,2,0,0,0,0,0,0,0,0,0,0,0,0,0
1869,65,59,56,51,47,43,31,28,24,21,19,16,11,8,7,6,6,4,3,2,2,2,1,1,0,0,0,0,0,0,0,0,0,0,0,65,59,56,51,47,43,31,28,24,21,19,16,11,8,7,6,6,4,3,2,2,2,1,1,0,0,0,0,0,0,0,0,0,0,0,63,57,56,51,46,42,31,28,23,21,19,16,11,7,6,5,4,3,3,2,2,2,1,1,0,0,0,0,0,0,0,0,0,0,0,63,57,56,51,46,42,31,28,23,21,19,16,11,7,6,5,4,3,3,2,2,2,1,1,0,0,0,0,0,0,0,0,0,0,0
1870,62,57,54,50,48,45,40,39,34,30,27,18,16,11,9,6,5,4,3,1,1,1,1,1,0,0,0,0,0,0,0,0,0,0,0,62,57,54,50,48,45,40,39,34,30,27,18,16,11,9,6,5,4,3,1,1,1,1,1,0,0,0,0,0,0,0,0,0,0,0,62,57,54,50,46,43,39,39,34,30,27,17,14,10,9,6,5,4,3,1,1,1,1,1,0,0,0,0,0,0,0,0,0,0,0,62,57,54,50,46,43,39,39,34,30,27,17,14,10,9,6,5,4,3,1,1,1,1,1,0,0,0,0,0,0,0,0,0,0,0
1871,63,55,53,50,47,43,36,32,27,21,16,12,8,7,5,5,2,1,1,1,0,0,0,0,0,0,0,0,0,0,0,0,0,0,0,63,55,53,50,47,43,36,32,27,21,16,12,8,7,5,5,2,1,1,1,0,0,0,0,0,0,0,0,0,0,0,0,0,0,0,63,55,53,50,47,43,36,32,26,21,16,12,8,7,5,5,2,1,1,1,0,0,0,0,0,0,0,0,0,0,0,0,0,0,0,63,55,53,50,47,43,36,32,26,21,16,12,8,7,5,5,2,1,1,1,0,0,0,0,0,0,0,0,0,0,0,0,0,0,0
1872,54,47,41,35,30,27,25,20,19,18,14,12,9,9,8,7,3,2,2,1,0,0,0,0,0,0,0,0,0,0,0,0,0,0,0,54,47,41,35,30,27,25,20,19,18,14,12,9,9,8,7,3,2,2,1,0,0,0,0,0,0,0,0,0,0,0,0,0,0,0,53,47,40,35,30,27,25,19,17,17,14,12,9,9,7,7,1,1,1,1,0,0,0,0,0,0,0,0,0,0,0,0,0,0,0,53,47,40,35,30,27,25,19,17,17,14,12,9,9,7,7,1,1,1,1,0,0,0,0,0,0,0,0,0,0,0,0,0,0,0
1873,73,66,60,57,53,50,46,42,34,31,30,19,19,14,12,9,6,4,2,1,0,0,0,0,0,0,0,0,0,0,0,0,0,0,0,73,66,60,57,53,50,46,42,34,31,30,19,19,14,12,9,6,4,2,1,0,0,0,0,0,0,0,0,0,0,0,0,0,0,0,72,65,59,57,52,50,46,42,34,31,30,19,19,14,12,9,6,4,2,1,0,0,0,0,0,0,0,0,0,0,0,0,0,0,0,72,65,59,57,52,50,46,42,34,31,30,19,19,14,12,9,6,4,2,1,0,0,0,0,0,0,0,0,0,0,0,0,0,0,0
1874,82,76,68,62,56,50,38,34,33,30,28,18,15,15,13,9,5,2,2,2,2,1,0,0,0,0,0,0,0,0,0,0,0,0,0,82,76,68,62,56,50,38,34,33,30,28,18,15,15,13,9,5,2,2,2,2,1,0,0,0,0,0,0,0,0,0,0,0,0,0,76,74,65,59,54,45,37,34,32,28,27,18,15,14,11,9,5,2,2,2,2,1,0,0,0,0,0,0,0,0,0,0,0,0,0,76,74,65,59,54,45,37,34,32,28,27,18,15,14,11,9,5,2,2,2,2,1,0,0,0,0,0,0,0,0,0,0,0,0,0
1875,82,73,65,56,51,47,38,36,29,19,14,11,10,8,8,8,5,3,2,2,2,1,0,0,0,0,0,0,0,0,0,0,0,0,0,82,73,65,56,51,47,38,36,29,19,14,11,10,8,8,8,5,3,2,2,2,1,0,0,0,0,0,0,0,0,0,0,0,0,0,81,72,63,54,50,43,35,30,25,16,13,10,9,7,7,7,4,1,1,1,1,1,0,0,0,0,0,0,0,0,0,0,0,0,0,81,72,63,54,50,43,35,30,25,16,13,10,9,7,7,7,4,1,1,1,1,1,0,0,0,0,0,0,0,0,0,0,0,0,0
1876,72,63,59,56,52,47,40,36,28,24,22,20,16,10,7,4,2,0,0,0,0,0,0,0,0,0,0,0,0,0,0,0,0,0,0,72,63,59,56,52,47,40,36,28,24,22,20,16,10,7,4,2,0,0,0,0,0,0,0,0,0,0,0,0,0,0,0,0,0,0,71,60,57,52,47,40,37,35,27,21,20,16,13,8,5,4,2,0,0,0,0,0,0,0,0,0,0,0,0,0,0,0,0,0,0,71,60,57,52,47,40,37,35,27,21,20,16,13,8,5,4,2,0,0,0,0,0,0,0,0,0,0,0,0,0,0,0,0,0,0
1877,70,61,56,51,47,41,39,33,29,26,22,15,14,12,10,6,5,3,1,0,0,0,0,0,0,0,0,0,0,0,0,0,0,0,0,70,61,56,51,47,41,39,33,29,26,22,15,14,12,10,6,5,3,1,0,0,0,0,0,0,0,0,0,0,0,0,0,0,0,0,64,54,48,42,40,38,36,31,25,22,19,13,12,10,9,6,4,2,1,0,0,0,0,0,0,0,0,0,0,0,0,0,0,0,0,64,54,48,42,40,38,36,31,25,22,19,13,12,10,9,6,4,2,1,0,0,0,0,0,0,0,0,0,0,0,0,0,0,0,0
1878,65,51,41,34,28,24,20,16,14,8,5,3,3,3,3,2,2,1,0,0,0,0,0,0,0,0,0,0,0,0,0,0,0,0,0,65,51,41,34,28,24,20,16,14,8,5,3,3,3,3,2,2,1,0,0,0,0,0,0,0,0,0,0,0,0,0,0,0,0,0,64,49,41,34,28,24,20,16,13,8,5,3,3,3,3,2,2,1,0,0,0,0,0,0,0,0,0,0,0,0,0,0,0,0,0,64,49,41,34,28,24,20,16,13,8,5,3,3,3,3,2,2,1,0,0,0,0,0,0,0,0,0,0,0,0,0,0,0,0,0
1879,58,52,46,37,30,25,19,16,14,11,10,10,8,5,4,3,3,2,1,0,0,0,0,0,0,0,0,0,0,0,0,0,0,0,0,58,52,46,37,30,25,19,16,14,11,10,10,8,5,4,3,3,2,1,0,0,0,0,0,0,0,0,0,0,0,0,0,0,0,0,58,52,46,37,30,25,19,16,14,11,10,10,8,5,4,3,3,2,1,0,0,0,0,0,0,0,0,0,0,0,0,0,0,0,0,58,52,46,37,30,25,19,16,14,11,10,10,8,5,4,3,3,2,1,0,0,0,0,0,0,0,0,0,0,0,0,0,0,0,0
1880,79,75,69,58,51,46,40,31,22,16,15,10,8,6,4,4,3,3,3,2,1,1,1,0,0,0,0,0,0,0,0,0,0,0,0,79,75,69,58,51,46,40,31,22,16,15,10,8,6,4,4,3,3,3,2,1,1,1,0,0,0,0,0,0,0,0,0,0,0,0,79,75,69,58,51,46,40,31,21,16,15,10,8,6,4,4,3,3,3,2,1,1,1,0,0,0,0,0,0,0,0,0,0,0,0,79,75,69,58,51,46,40,31,21,16,15,10,8,6,4,4,3,3,3,2,1,1,1,0,0,0,0,0,0,0,0,0,0,0,0
1881,71,65,60,49,42,37,35,33,30,23,22,17,16,14,13,10,9,8,8,7,6,4,4,2,1,0,0,0,0,0,0,0,0,0,0,71,65,60,49,42,37,35,33,30,23,22,17,16,14,13,10,9,8,8,7,6,4,4,2,1,0,0,0,0,0,0,0,0,0,0,69,64,60,49,42,37,35,32,29,23,22,17,16,14,13,10,9,8,8,7,6,4,4,2,1,0,0,0,0,0,0,0,0,0,0,69,64,60,49,42,37,35,32,29,23,22,17,16,14,13,10,9,8,8,7,6,4,4,2,1,0,0,0,0,0,0,0,0,0,0
1882,60,49,42,40,39,36,36,26,23,20,14,11,10,9,8,5,5,4,3,1,1,1,1,1,0,0,0,0,0,0,0,0,0,0,0,60,49,42,40,39,36,36,26,23,20,14,11,10,9,8,5,5,4,3,1,1,1,1,1,0,0,0,0,0,0,0,0,0,0,0,60,49,42,40,39,36,36,26,23,19,13,11,10,9,8,5,5,4,3,1,1,1,1,1,0,0,0,0,0,0,0,0,0,0,0,60,49,42,40,39,36,36,26,23,19,13,11,10,9,8,5,5,4,3,1,1,1,1,1,0,0,0,0,0,0,0,0,0,0,0
1883,79,66,63,55,52,46,41,34,32,28,25,22,18,16,12,9,7,6,6,4,1,1,1,1,0,0,0,0,0,0,0,0,0,0,0,79,66,63,55,52,46,41,34,32,28,25,22,18,16,12,9,7,6,6,4,1,1,1,1,0,0,0,0,0,0,0,0,0,0,0,79,66,63,55,51,46,41,34,32,28,25,22,18,16,12,9,7,6,6,4,1,1,1,1,0,0,0,0,0,0,0,0,0,0,0,79,66,63,55,51,46,41,34,32,28,25,22,18,16,12,9,7,6,6,4,1,1,1,1,0,0,0,0,0,0,0,0,0,0,0
1884,78,71,63,60,54,49,44,40,33,30,25,22,19,14,12,9,6,5,5,2,1,0,0,0,0,0,0,0,0,0,0,0,0,0,0,78,71,63,60,54,49,44,40,33,30,25,22,19,14,12,9,6,5,5,2,1,0,0,0,0,0,0,0,0,0,0,0,0,0,0,78,71,63,60,54,49,44,40,33,30,25,22,19,14,12,9,6,5,5,2,1,0,0,0,0,0,0,0,0,0,0,0,0,0,0,78,71,63,60,54,49,44,40,33,30,25,22,19,14,12,9,6,5,5,2,1,0,0,0,0,0,0,0,0,0,0,0,0,0,0
1885,85,75,66,63,55,49,45,41,37,31,26,20,18,16,11,8,4,2,0,0,0,0,0,0,0,0,0,0,0,0,0,0,0,0,0,85,75,66,63,55,49,45,41,37,31,26,20,18,16,11,8,4,2,0,0,0,0,0,0,0,0,0,0,0,0,0,0,0,0,0,85,75,64,61,53,47,42,38,35,31,26,20,18,16,11,8,4,2,0,0,0,0,0,0,0,0,0,0,0,0,0,0,0,0,0,85,75,64,61,53,47,42,38,35,31,26,20,18,16,11,8,4,2,0,0,0,0,0,0,0,0,0,0,0,0,0,0,0,0,0
1886,95,82,76,69,64,58,55,47,42,37,35,30,21,19,16,12,7,6,3,2,1,1,1,0,0,0,0,0,0,0,0,0,0,0,0,95,82,76,69,64,58,55,47,42,37,35,30,21,19,16,12,7,6,3,2,1,1,1,0,0,0,0,0,0,0,0,0,0,0,0,91,81,76,69,64,58,54,46,42,37,35,30,20,19,16,12,7,6,3,2,1,1,1,0,0,0,0,0,0,0,0,0,0,0,0,91,81,76,69,64,58,54,46,42,37,35,30,20,19,16,12,7,6,3,2,1,1,1,0,0,0,0,0,0,0,0,0,0,0,0
1887,78,73,69,64,58,48,44,43,34,29,26,21,21,16,12,9,7,6,5,5,5,3,2,2,2,1,0,0,0,0,0,0,0,0,0,78,73,69,64,58,48,44,43,34,29,26,21,21,16,12,9,7,6,5,5,5,3,2,2,2,1,0,0,0,0,0,0,0,0,0,77,72,69,63,57,47,43,41,32,29,26,21,21,16,12,9,7,6,5,5,5,3,2,2,2,1,0,0,0,0,0,0,0,0,0,77,72,69,63,57,47,43,41,32,29,26,21,21,16,12,9,7,6,5,5,5,3,2,2,2,1,0,0,0,0,0,0,0,0,0
1888,60,55,46,40,33,28,27,24,21,20,17,13,13,9,7,4,3,2,2,1,1,0,0,0,0,0,0,0,0,0,0,0,0,0,0,60,55,46,40,33,28,27,24,21,20,17,13,13,9,7,4,3,2,2,1,1,0,0,0,0,0,0,0,0,0,0,0,0,0,0,60,55,46,39,32,28,27,24,21,20,17,13,13,9,7,4,3,2,2,1,1,0,0,0,0,0,0,0,0,0,0,0,0,0,0,60,55,46,39,32,28,27,24,21,20,17,13,13,9,7,4,3,2,2,1,1,0,0,0,0,0,0,0,0,0,0,0,0,0,0
1889,89,82,75,68,61,55,47,39,32,27,25,21,16,9,9,8,8,7,5,3,0,0,0,0,0,0,0,0,0,0,0,0,0,0,0,89,82,75,68,61,55,47,39,32,27,25,21,16,9,9,8,8,7,5,3,0,0,0,0,0,0,0,0,0,0,0,0,0,0,0,89,82,75,68,60,55,46,38,32,27,25,21,16,9,9,8,8,7,5,3,0,0,0,0,0,0,0,0,0,0,0,0,0,0,0,89,82,75,68,60,55,46,38,32,27,25,21,16,9,9,8,8,7,5,3,0,0,0,0,0,0,0,0,0,0,0,0,0,0,0
1890,57,53,48,36,30,28,21,17,16,14,14,11,11,9,8,4,3,3,2,1,1,1,1,0,0,0,0,0,0,0,0,0,0,0,0,57,53,48,36,30,28,21,17,16,14,14,11,11,9,8,4,3,3,2,1,1,1,1,0,0,0,0,0,0,0,0,0,0,0,0,57,52,48,35,30,27,20,17,16,14,14,11,11,9,8,4,3,3,2,1,1,1,1,0,0,0,0,0,0,0,0,0,0,0,0,57,52,48,35,30,27,20,17,16,14,14,11,11,9,8,4,3,3,2,1,1,1,1,0,0,0,0,0,0,0,0,0,0,0,0
1891,56,49,43,32,26,17,15,15,13,11,9,6,4,3,2,1,1,0,0,0,0,0,0,0,0,0,0,0,0,0,0,0,0,0,0,56,48,43,32,26,17,15,15,13,11,9,6,4,3,2,1,1,0,0,0,0,0,0,0,0,0,0,0,0,0,0,0,0,0,0,56,48,43,32,25,17,15,14,12,10,8,6,4,3,2,1,1,0,0,0,0,0,0,0,0,0,0,0,0,0,0,0,0,0,0,56,48,43,32,25,17,15,14,12,10,8,6,4,3,2,1,1,0,0,0,0,0,0,0,0,0,0,0,0,0,0,0,0,0,0
1892,79,70,65,57,51,50,45,38,35,31,29,26,22,20,18,12,10,9,8,7,6,4,4,3,2,2,1,0,0,0,0,0,0,0,0,79,70,65,57,51,50,45,38,35,31,29,26,22,20,18,12,10,9,8,7,6,4,4,3,2,2,1,0,0,0,0,0,0,0,0,78,69,64,57,51,50,44,37,34,30,28,26,22,20,17,12,10,9,8,7,6,4,4,3,2,2,1,0,0,0,0,0,0,0,0,78,69,64,57,51,50,44,37,34,30,28,26,22,20,17,12,10,9,8,7,6,4,4,3,2,2,1,0,0,0,0,0,0,0,0
1893,76,72,65,54,50,47,43,38,36,34,28,23,19,14,12,9,7,4,4,4,3,0,0,0,0,0,0,0,0,0,0,0,0,0,0,76,72,65,54,50,47,43,38,36,34,28,23,19,14,12,9,7,4,4,4,3,0,0,0,0,0,0,0,0,0,0,0,0,0,0,76,72,65,54,50,47,43,37,36,34,28,23,19,14,12,9,7,4,4,4,3,0,0,0,0,0,0,0,0,0,0,0,0,0,0,76,72,65,54,50,47,43,37,36,34,28,23,19,14,12,9,7,4,4,4,3,0,0,0,0,0,0,0,0,0,0,0,0,0,0
1894,55,44,37,33,30,26,24,23,21,18,14,12,9,6,6,6,5,4,3,3,3,2,1,0,0,0,0,0,0,0,0,0,0,0,0,55,44,37,33,30,26,24,23,21,18,14,12,9,6,6,6,5,4,3,3,3,2,1,0,0,0,0,0,0,0,0,0,0,0,0,54,43,37,32,30,26,24,23,21,18,14,12,9,6,6,6,5,4,3,3,3,2,1,0,0,0,0,0,0,0,0,0,0,0,0,54,43,37,32,30,26,24,23,21,18,14,12,9,6,6,6,5,4,3,3,3,2,1,0,0,0,0,0,0,0,0,0,0,0,0
1895,82,74,69,63,59,53,47,40,36,30,27,22,17,11,10,9,8,8,6,3,1,0,0,0,0,0,0,0,0,0,0,0,0,0,0,82,74,69,63,59,53,47,40,36,30,27,22,17,11,10,9,8,8,6,3,1,0,0,0,0,0,0,0,0,0,0,0,0,0,0,82,74,69,63,59,53,47,40,36,30,27,22,17,11,10,9,8,8,6,3,1,0,0,0,0,0,0,0,0,0,0,0,0,0,0,82,74,69,63,59,53,47,40,36,30,27,22,17,11,10,9,8,8,6,3,1,0,0,0,0,0,0,0,0,0,0,0,0,0,0
1896,51,46,43,37,33,27,24,23,21,18,14,10,5,3,1,1,0,0,0,0,0,0,0,0,0,0,0,0,0,0,0,0,0,0,0,51,46,43,37,33,27,24,23,21,18,14,10,5,3,1,1,0,0,0,0,0,0,0,0,0,0,0,0,0,0,0,0,0,0,0,51,46,42,37,33,27,23,23,21,18,14,10,5,3,1,1,0,0,0,0,0,0,0,0,0,0,0,0,0,0,0,0,0,0,0,51,46,42,37,33,27,23,23,21,18,14,10,5,3,1,1,0,0,0,0,0,0,0,0,0,0,0,0,0,0,0,0,0,0,0
1897,76,69,59,53,46,40,33,26,22,16,12,9,9,6,4,3,1,0,0,0,0,0,0,0,0,0,0,0,0,0,0,0,0,0,0,76,69,59,53,46,40,33,26,22,16,12,9,9,6,4,3,1,0,0,0,0,0,0,0,0,0,0,0,0,0,0,0,0,0,0,75,68,59,53,46,40,33,26,20,15,12,9,9,5,4,3,1,0,0,0,0,0,0,0,0,0,0,0,0,0,0,0,0,0,0,75,68,59,53,46,40,33,26,20,15,12,9,9,5,4,3,1,0,0,0,0,0,0,0,0,0,0,0,0,0,0,0,0,0,0
1898,67,58,55,48,40,34,32,28,24,20,17,16,15,11,7,4,4,4,1,0,0,0,0,0,0,0,0,0,0,0,0,0,0,0,0,67,58,55,48,40,34,32,28,24,20,17,16,15,11,7,4,4,4,1,0,0,0,0,0,0,0,0,0,0,0,0,0,0,0,0,67,57,54,48,40,34,32,28,24,20,17,16,15,11,7,4,4,4,1,0,0,0,0,0,0,0,0,0,0,0,0,0,0,0,0,67,57,54,48,40,34,32,28,24,20,17,16,15,11,7,4,4,4,1,0,0,0,0,0,0,0,0,0,0,0,0,0,0,0,0
1899,75,71,62,57,47,35,32,25,23,22,15,12,9,8,6,4,2,1,0,0,0,0,0,0,0,0,0,0,0,0,0,0,0,0,0,75,71,62,57,47,35,32,25,23,22,15,12,9,8,6,4,2,1,0,0,0,0,0,0,0,0,0,0,0,0,0,0,0,0,0,73,69,61,57,47,35,31,25,23,22,15,12,9,8,6,3,1,0,0,0,0,0,0,0,0,0,0,0,0,0,0,0,0,0,0,73,69,61,57,47,35,31,25,23,22,15,12,9,8,6,3,1,0,0,0,0,0,0,0,0,0,0,0,0,0,0,0,0,0,0
1900,83,71,67,61,56,48,39,33,33,30,23,21,16,15,11,7,4,4,4,3,2,0,0,0,0,0,0,0,0,0,0,0,0,0,0,83,71,67,61,56,48,39,33,33,30,23,21,16,15,11,7,4,4,4,3,2,0,0,0,0,0,0,0,0,0,0,0,0,0,0,83,71,67,59,55,47,39,33,33,29,23,21,16,15,10,7,4,4,3,1,1,0,0,0,0,0,0,0,0,0,0,0,0,0,0,83,71,67,59,55,47,39,33,33,29,23,21,16,15,10,7,4,4,3,1,1,0,0,0,0,0,0,0,0,0,0,0,0,0,0
1901,93,84,77,67,59,48,40,34,31,24,19,13,12,11,8,3,2,1,1,1,1,1,1,1,0,0,0,0,0,0,0,0,0,0,0,93,84,77,67,59,48,40,34,31,24,19,13,12,11,8,3,2,1,1,1,1,1,1,1,0,0,0,0,0,0,0,0,0,0,0,91,83,75,65,58,47,40,34,31,24,19,13,12,11,8,3,2,1,1,1,1,1,1,1,0,0,0,0,0,0,0,0,0,0,0,91,83,75,65,58,47,40,34,31,24,19,13,12,11,8,3,2,1,1,1,1,1,1,1,0,0,0,0,0,0,0,0,0,0,0
1902,51,47,46,44,40,36,31,28,27,24,21,18,12,11,9,8,5,2,1,0,0,0,0,0,0,0,0,0,0,0,0,0,0,0,0,51,47,46,44,40,36,31,28,27,24,21,18,12,11,9,8,5,2,1,0,0,0,0,0,0,0,0,0,0,0,0,0,0,0,0,51,47,46,44,38,36,31,28,27,24,21,17,12,11,9,7,4,2,1,0,0,0,0,0,0,0,0,0,0,0,0,0,0,0,0,51,47,46,44,38,36,31,28,27,24,21,17,12,11,9,7,4,2,1,0,0,0,0,0,0,0,0,0,0,0,0,0,0,0,0
1903,70,67,63,57,46,37,34,26,23,18,15,13,9,9,6,5,4,4,1,0,0,0,0,0,0,0,0,0,0,0,0,0,0,0,0,70,67,63,57,46,37,34,26,23,18,15,13,9,9,6,5,4,4,1,0,0,0,0,0,0,0,0,0,0,0,0,0,0,0,0,70,67,63,57,46,37,34,26,23,17,15,11,8,8,6,5,4,4,1,0,0,0,0,0,0,0,0,0,0,0,0,0,0,0,0,70,67,63,57,46,37,34,26,23,17,15,11,8,8,6,5,4,4,1,0,0,0,0,0,0,0,0,0,0,0,0,0,0,0,0
1904,83,74,69,59,56,53,46,43,40,34,29,23,19,16,14,11,8,5,4,4,2,2,1,1,1,0,0,0,0,0,0,0,0,0,0,83,74,69,59,56,53,46,43,40,34,29,23,19,16,14,11,8,5,4,4,2,2,1,1,1,0,0,0,0,0,0,0,0,0,0,83,74,68,58,55,52,45,42,40,34,29,23,18,15,13,10,8,5,4,4,2,2,1,1,1,0,0,0,0,0,0,0,0,0,0,83,74,68,58,55,52,45,42,40,34,29,23,18,15,13,10,8,5,4,4,2,2,1,1,1,0,0,0,0,0,0,0,0,0,0
1905,79,75,68,65,58,54,46,40,34,30,25,20,20,16,11,9,8,7,6,6,5,2,2,0,0,0,0,0,0,0,0,0,0,0,0,79,75,68,65,58,54,46,40,34,30,25,20,20,16,11,9,8,7,6,6,5,2,2,0,0,0,0,0,0,0,0,0,0,0,0,79,75,68,65,57,53,46,40,31,29,25,20,19,16,11,8,7,7,6,6,5,2,2,0,0,0,0,0,0,0,0,0,0,0,0,79,75,68,65,57,53,46,40,31,29,25,20,19,16,11,8,7,7,6,6,5,2,2,0,0,0,0,0,0,0,0,0,0,0,0
1906,81,73,69,56,48,42,38,32,28,25,22,20,16,16,13,11,6,2,1,1,0,0,0,0,0,0,0,0,0,0,0,0,0,0,0,81,73,69,56,48,42,38,32,28,25,22,20,16,16,13,11,6,2,1,1,0,0,0,0,0,0,0,0,0,0,0,0,0,0,0,81,72,69,56,48,42,38,32,28,25,22,20,16,15,13,11,6,2,1,1,0,0,0,0,0,0,0,0,0,0,0,0,0,0,0,81,72,69,56,48,42,38,32,28,25,22,20,16,15,13,11,6,2,1,1,0,0,0,0,0,0,0,0,0,0,0,0,0,0,0
1907,77,71,59,54,46,36,28,23,20,17,12,10,7,6,5,3,2,1,0,0,0,0,0,0,0,0,0,0,0,0,0,0,0,0,0,77,71,59,54,46,36,28,23,20,17,12,10,7,6,5,3,2,1,0,0,0,0,0,0,0,0,0,0,0,0,0,0,0,0,0,77,70,57,52,45,34,27,22,19,16,12,10,7,6,5,3,2,0,0,0,0,0,0,0,0,0,0,0,0,0,0,0,0,0,0,77,70,57,52,45,34,27,22,19,16,12,10,7,6,5,3,2,0,0,0,0,0,0,0,0,0,0,0,0,0,0,0,0,0,0
1908,82,73,68,64,58,52,45,34,30,26,23,20,16,13,9,8,7,5,3,1,1,0,0,0,0,0,0,0,0,0,0,0,0,0,0,82,73,68,64,58,52,45,34,30,26,23,20,16,13,9,8,7,5,3,1,1,0,0,0,0,0,0,0,0,0,0,0,0,0,0,82,73,68,64,58,52,45,34,30,26,23,20,16,13,9,8,7,5,3,1,1,0,0,0,0,0,0,0,0,0,0,0,0,0,0,82,73,68,64,58,52,45,34,30,26,23,20,16,13,9,8,7,5,3,1,1,0,0,0,0,0,0,0,0,0,0,0,0,0,0
1909,62,51,43,39,33,27,22,20,16,11,8,6,5,4,3,1,1,0,0,0,0,0,0,0,0,0,0,0,0,0,0,0,0,0,0,62,51,43,39,33,27,22,20,16,11,8,6,5,4,3,1,1,0,0,0,0,0,0,0,0,0,0,0,0,0,0,0,0,0,0,62,51,43,39,33,27,22,20,16,11,8,6,5,4,3,1,1,0,0,0,0,0,0,0,0,0,0,0,0,0,0,0,0,0,0,62,51,43,39,33,27,22,20,16,11,8,6,5,4,3,1,1,0,0,0,0,0,0,0,0,0,0,0,0,0,0,0,0,0,0
1910,72,64,58,50,41,35,28,21,19,19,17,13,9,8,5,1,0,0,0,0,0,0,0,0,0,0,0,0,0,0,0,0,0,0,0,72,64,58,50,41,35,28,21,19,19,17,13,9,8,5,1,0,0,0,0,0,0,0,0,0,0,0,0,0,0,0,0,0,0,0,72,64,58,49,41,35,27,21,19,19,17,13,9,8,5,1,0,0,0,0,0,0,0,0,0,0,0,0,0,0,0,0,0,0,0,72,64,58,49,41,35,27,21,19,19,17,13,9,8,5,1,0,0,0,0,0,0,0,0,0,0,0,0,0,0,0,0,0,0,0
1911,100,93,86,83,81,76,69,64,61,55,47,43,41,37,33,30,27,23,22,17,15,11,5,3,2,1,0,0,0,0,0,0,0,0,0,100,93,86,83,81,76,69,64,61,55,47,43,41,37,33,30,27,23,22,17,15,11,5,3,2,1,0,0,0,0,0,0,0,0,0,100,93,85,83,81,76,69,64,61,55,47,42,40,36,33,30,27,23,22,17,15,11,5,3,2,1,0,0,0,0,0,0,0,0,0,100,93,85,83,81,76,69,64,61,55,47,42,40,36,33,30,27,23,22,17,15,11,5,3,2,1,0,0,0,0,0,0,0,0,0
1912,55,49,46,42,40,37,31,22,20,17,14,12,10,8,5,5,2,2,0,0,0,0,0,0,0,0,0,0,0,0,0,0,0,0,0,55,49,46,42,40,37,31,22,20,17,14,12,10,8,5,5,2,2,0,0,0,0,0,0,0,0,0,0,0,0,0,0,0,0,0,55,49,46,42,40,37,31,22,20,17,14,11,10,7,5,5,2,2,0,0,0,0,0,0,0,0,0,0,0,0,0,0,0,0,0,55,49,46,42,40,37,31,22,20,17,14,11,10,7,5,5,2,2,0,0,0,0,0,0,0,0,0,0,0,0,0,0,0,0,0
1913,60,51,43,35,33,31,25,22,14,10,6,5,3,1,1,0,0,0,0,0,0,0,0,0,0,0,0,0,0,0,0,0,0,0,0,60,51,43,35,33,31,25,22,14,10,6,5,3,1,1,0,0,0,0,0,0,0,0,0,0,0,0,0,0,0,0,0,0,0,0,60,50,43,35,32,31,25,22,14,9,6,5,3,1,1,0,0,0,0,0,0,0,0,0,0,0,0,0,0,0,0,0,0,0,0,60,50,43,35,32,31,25,22,14,9,6,5,3,1,1,0,0,0,0,0,0,0,0,0,0,0,0,0,0,0,0,0,0,0,0
1914,72,68,62,59,54,49,43,37,34,24,16,16,13,9,7,4,1,0,0,0,0,0,0,0,0,0,0,0,0,0,0,0,0,0,0,72,68,62,59,54,49,43,37,34,24,16,16,13,9,7,4,1,0,0,0,0,0,0,0,0,0,0,0,0,0,0,0,0,0,0,72,68,62,59,54,49,43,37,34,24,16,16,13,9,6,4,1,0,0,0,0,0,0,0,0,0,0,0,0,0,0,0,0,0,0,72,68,62,59,54,49,43,37,34,24,16,16,13,9,6,4,1,0,0,0,0,0,0,0,0,0,0,0,0,0,0,0,0,0,0
1915,72,66,58,53,46,35,31,28,22,18,15,11,10,9,6,6,4,4,3,3,2,2,0,0,0,0,0,0,0,0,0,0,0,0,0,72,66,58,53,46,35,31,28,22,18,15,11,10,9,6,6,4,4,3,3,2,2,0,0,0,0,0,0,0,0,0,0,0,0,0,72,66,58,53,46,35,31,28,22,17,15,11,10,9,6,6,4,4,3,3,2,2,0,0,0,0,0,0,0,0,0,0,0,0,0,72,66,58,53,46,35,31,28,22,17,15,11,10,9,6,6,4,4,3,3,2,2,0,0,0,0,0,0,0,0,0,0,0,0,0
1916,58,52,46,41,36,28,25,20,15,11,7,3,1,0,0,0,0,0,0,0,0,0,0,0,0,0,0,0,0,0,0,0,0,0,0,58,52,46,41,36,28,25,20,15,11,7,3,1,0,0,0,0,0,0,0,0,0,0,0,0,0,0,0,0,0,0,0,0,0,0,58,52,46,41,36,28,25,20,15,11,7,3,1,0,0,0,0,0,0,0,0,0,0,0,0,0,0,0,0,0,0,0,0,0,0,58,52,46,41,36,28,25,20,15,11,7,3,1,0,0,0,0,0,0,0,0,0,0,0,0,0,0,0,0,0,0,0,0,0,0
1917,106,97,89,80,72,63,53,46,39,34,26,23,19,14,13,11,9,8,5,2,1,0,0,0,0,0,0,0,0,0,0,0,0,0,0,106,97,89,80,72,63,53,46,39,34,26,23,19,14,13,11,9,8,5,2,1,0,0,0,0,0,0,0,0,0,0,0,0,0,0,106,97,89,80,72,63,53,46,39,33,26,23,19,14,13,11,9,8,5,2,1,0,0,0,0,0,0,0,0,0,0,0,0,0,0,106,97,89,80,72,63,53,46,39,33,26,23,19,14,13,11,9,8,5,2,1,0,0,0,0,0,0,0,0,0,0,0,0,0,0
1918,61,52,49,43,41,37,32,27,21,14,12,11,8,7,6,5,5,4,3,3,2,1,1,1,1,1,0,0,0,0,0,0,0,0,0,61,52,49,43,41,37,32,27,21,14,12,11,8,7,6,5,5,4,3,3,2,1,1,1,1,1,0,0,0,0,0,0,0,0,0,61,52,49,43,41,37,32,27,21,14,12,11,8,7,6,5,5,4,3,3,2,1,1,1,1,1,0,0,0,0,0,0,0,0,0,61,52,49,43,41,37,32,27,21,14,12,11,8,7,6,5,5,4,3,3,2,1,1,1,1,1,0,0,0,0,0,0,0,0,0
1919,71,66,60,53,50,47,44,37,31,27,21,18,18,13,12,8,7,5,4,3,0,0,0,0,0,0,0,0,0,0,0,0,0,0,0,71,66,60,53,50,47,44,37,31,27,21,18,18,13,12,8,7,5,4,3,0,0,0,0,0,0,0,0,0,0,0,0,0,0,0,71,66,60,53,50,47,44,37,31,27,21,18,18,13,12,8,7,5,4,3,0,0,0,0,0,0,0,0,0,0,0,0,0,0,0,71,66,60,53,50,47,44,37,31,27,21,18,18,13,12,8,7,5,4,3,0,0,0,0,0,0,0,0,0,0,0,0,0,0,0
1920,78,67,64,58,53,42,38,31,25,19,15,10,8,5,2,2,2,2,2,2,1,0,0,0,0,0,0,0,0,0,0,0,0,0,0,78,67,64,58,53,42,38,31,25,19,15,10,8,5,2,2,2,2,2,2,1,0,0,0,0,0,0,0,0,0,0,0,0,0,0,78,67,64,58,53,42,38,31,25,19,15,10,8,5,2,2,2,2,2,2,1,0,0,0,0,0,0,0,0,0,0,0,0,0,0,78,67,64,58,53,42,38,31,25,19,15,10,8,5,2,2,2,2,2,2,1,0,0,0,0,0,0,0,0,0,0,0,0,0,0
1921,108,102,98,85,82,70,66,61,49,43,41,37,34,31,24,17,15,14,10,10,9,8,7,5,3,3,3,1,0,0,0,0,0,0,0,108,102,98,85,82,70,66,61,49,43,41,37,34,31,24,17,15,14,10,10,9,8,7,5,3,3,3,1,0,0,0,0,0,0,0,108,102,98,85,81,70,66,61,49,43,41,37,34,31,24,17,15,14,10,10,9,8,7,5,3,3,3,1,0,0,0,0,0,0,0,108,102,98,85,81,70,66,61,49,43,41,37,34,31,24,17,15,14,10,10,9,8,7,5,3,3,3,1,0,0,0,0,0,0,0
1922,69,60,54,51,51,42,37,30,25,18,14,12,8,8,8,7,5,4,4,4,3,3,1,1,1,0,0,0,0,0,0,0,0,0,0,69,60,54,51,51,42,37,30,25,18,14,12,8,8,8,7,5,4,4,4,3,3,1,1,1,0,0,0,0,0,0,0,0,0,0,69,59,53,51,51,42,36,30,25,18,14,12,8,8,8,7,5,4,4,4,3,3,1,1,1,0,0,0,0,0,0,0,0,0,0,69,59,53,51,51,42,36,30,25,18,14,12,8,8,8,7,5,4,4,4,3,3,1,1,1,0,0,0,0,0,0,0,0,0,0
1923,69,61,54,48,44,39,37,32,31,26,23,20,18,17,13,12,10,9,8,4,3,2,2,1,0,0,0,0,0,0,0,0,0,0,0,69,61,54,48,44,39,37,32,31,26,23,20,18,17,13,12,10,9,8,4,3,2,2,1,0,0,0,0,0,0,0,0,0,0,0,69,61,54,48,44,39,37,32,31,26,23,20,18,17,13,12,10,9,8,4,3,2,2,1,0,0,0,0,0,0,0,0,0,0,0,69,61,54,48,44,39,37,32,31,26,23,20,18,17,13,12,10,9,8,4,3,2,2,1,0,0,0,0,0,0,0,0,0,0,0
1924,68,58,55,50,46,41,31,25,19,19,15,10,7,7,5,4,3,2,2,1,0,0,0,0,0,0,0,0,0,0,0,0,0,0,0,68,58,55,50,46,41,31,25,19,19,15,10,7,7,5,4,3,2,2,1,0,0,0,0,0,0,0,0,0,0,0,0,0,0,0,68,58,55,50,46,41,31,25,19,19,15,10,7,7,5,4,3,2,2,1,0,0,0,0,0,0,0,0,0,0,0,0,0,0,0,68,58,55,50,46,41,31,25,19,19,15,10,7,7,5,4,3,2,2,1,0,0,0,0,0,0,0,0,0,0,0,0,0,0,0
1925,72,65,58,51,46,40,34,27,23,22,16,16,12,11,7,6,4,4,2,1,1,1,1,0,0,0,0,0,0,0,0,0,0,0,0,72,65,58,51,46,40,34,27,23,22,16,16,12,11,7,6,4,4,2,1,1,1,1,0,0,0,0,0,0,0,0,0,0,0,0,72,65,58,51,46,40,34,27,23,22,16,16,12,11,7,6,4,4,2,1,1,1,1,0,0,0,0,0,0,0,0,0,0,0,0,72,65,58,51,46,40,34,27,23,22,16,16,12,11,7,6,4,4,2,1,1,1,1,0,0,0,0,0,0,0,0,0,0,0,0
1926,67,56,49,46,42,34,28,21,15,11,11,9,7,4,2,1,1,1,0,0,0,0,0,0,0,0,0,0,0,0,0,0,0,0,0,67,56,49,46,42,34,28,21,15,11,11,9,7,4,2,1,1,1,0,0,0,0,0,0,0,0,0,0,0,0,0,0,0,0,0,66,55,49,46,41,34,27,20,15,11,11,9,6,4,2,1,1,1,0,0,0,0,0,0,0,0,0,0,0,0,0,0,0,0,0,66,55,49,46,41,34,27,20,15,11,11,9,6,4,2,1,1,1,0,0,0,0,0,0,0,0,0,0,0,0,0,0,0,0,0
1927,70,60,55,47,45,36,33,28,23,17,15,14,12,8,6,4,2,1,0,0,0,0,0,0,0,0,0,0,0,0,0,0,0,0,0,70,60,55,47,45,36,33,28,23,17,15,14,12,8,6,4,2,1,0,0,0,0,0,0,0,0,0,0,0,0,0,0,0,0,0,70,59,54,47,43,35,32,28,22,17,15,14,11,7,6,4,2,1,0,0,0,0,0,0,0,0,0,0,0,0,0,0,0,0,0,70,59,54,47,43,35,32,28,22,17,15,14,11,7,6,4,2,1,0,0,0,0,0,0,0,0,0,0,0,0,0,0,0,0,0
1928,81,76,68,61,55,46,39,33,30,26,22,19,14,11,10,10,9,7,5,5,4,3,3,2,1,1,1,1,0,0,0,0,0,0,0,81,76,68,61,55,46,39,33,30,26,22,19,14,11,10,10,9,7,5,5,4,3,3,2,1,1,1,1,0,0,0,0,0,0,0,81,75,68,61,55,46,37,33,30,26,22,19,14,11,10,10,9,7,5,5,4,2,2,2,1,1,1,1,0,0,0,0,0,0,0,81,75,68,61,55,46,37,33,30,26,22,19,14,11,10,10,9,7,5,5,4,2,2,2,1,1,1,1,0,0,0,0,0,0,0
1929,98,89,79,72,65,56,51,46,44,37,32,26,24,20,17,16,16,13,10,9,4,4,4,2,0,0,0,0,0,0,0,0,0,0,0,98,89,79,72,65,56,51,46,44,37,32,26,24,20,17,16,16,13,10,9,4,4,4,2,0,0,0,0,0,0,0,0,0,0,0,95,87,78,70,65,55,49,45,43,36,32,23,22,20,16,15,14,11,10,9,4,4,4,2,0,0,0,0,0,0,0,0,0,0,0,95,87,78,70,65,55,49,45,43,36,32,23,22,20,16,15,14,11,10,9,4,4,4,2,0,0,0,0,0,0,0,0,0,0,0
1930,66,54,50,44,39,38,37,34,31,28,23,20,18,15,11,8,8,6,4,2,0,0,0,0,0,0,0,0,0,0,0,0,0,0,0,66,54,50,44,39,38,37,34,31,28,23,20,18,15,11,8,8,6,4,2,0,0,0,0,0,0,0,0,0,0,0,0,0,0,0,65,53,49,43,39,38,37,33,31,28,23,20,18,15,10,8,8,6,4,2,0,0,0,0,0,0,0,0,0,0,0,0,0,0,0,65,53,49,43,39,38,37,33,31,28,23,20,18,15,10,8,8,6,4,2,0,0,0,0,0,0,0,0,0,0,0,0,0,0,0
1931,66,62,55,48,44,42,38,32,31,27,25,21,15,11,6,4,3,1,1,1,0,0,0,0,0,0,0,0,0,0,0,0,0,0,0,66,62,55,48,44,42,38,32,31,27,25,21,15,11,6,4,3,1,1,1,0,0,0,0,0,0,0,0,0,0,0,0,0,0,0,66,61,55,48,44,42,38,32,30,27,25,21,15,10,6,4,3,1,1,1,0,0,0,0,0,0,0,0,0,0,0,0,0,0,0,66,61,55,48,44,42,38,32,30,27,25,21,15,10,6,4,3,1,1,1,0,0,0,0,0,0,0,0,0,0,0,0,0,0,0
1932,79,66,62,59,58,54,45,40,35,31,28,26,24,20,18,16,12,10,9,5,4,4,3,2,2,0,0,0,0,0,0,0,0,0,0,79,66,62,59,58,54,45,40,35,31,28,26,24,20,18,16,12,10,9,5,4,4,3,2,2,0,0,0,0,0,0,0,0,0,0,77,66,62,59,58,54,44,39,34,30,27,26,24,20,18,16,12,10,9,5,4,4,3,2,2,0,0,0,0,0,0,0,0,0,0,77,66,62,59,58,54,44,39,34,30,27,26,24,20,18,16,12,10,9,5,4,4,3,2,2,0,0,0,0,0,0,0,0,0,0
1933,84,73,66,58,48,39,35,32,23,19,18,15,13,13,10,10,9,6,5,4,2,1,0,0,0,0,0,0,0,0,0,0,0,0,0,84,73,66,58,48,39,35,32,23,19,18,15,13,13,10,10,9,6,5,4,2,1,0,0,0,0,0,0,0,0,0,0,0,0,0,84,71,63,53,45,39,35,32,22,19,18,15,13,13,10,10,9,6,5,4,2,1,0,0,0,0,0,0,0,0,0,0,0,0,0,84,71,63,53,45,39,35,32,22,19,18,15,13,13,10,10,9,6,5,4,2,1,0,0,0,0,0,0,0,0,0,0,0,0,0
1934,109,102,92,84,77,69,59,51,45,36,26,21,16,13,10,5,5,4,1,1,0,0,0,0,0,0,0,0,0,0,0,0,0,0,0,109,102,92,84,77,69,59,51,45,36,26,21,16,13,10,5,5,4,1,1,0,0,0,0,0,0,0,0,0,0,0,0,0,0,0,109,101,92,84,77,68,58,51,43,35,24,20,16,13,10,5,5,4,1,1,0,0,0,0,0,0,0,0,0,0,0,0,0,0,0,109,101,92,84,77,68,58,51,43,35,24,20,16,13,10,5,5,4,1,1,0,0,0,0,0,0,0,0,0,0,0,0,0,0,0
1935,83,74,67,60,57,51,46,42,38,36,32,27,22,20,17,12,9,6,5,3,2,1,1,1,0,0,0,0,0,0,0,0,0,0,0,83,74,67,60,57,51,46,42,38,36,32,27,22,20,17,12,9,6,5,3,2,1,1,1,0,0,0,0,0,0,0,0,0,0,0,83,74,67,60,57,50,46,42,38,36,32,26,21,20,17,12,9,6,5,3,2,1,1,1,0,0,0,0,0,0,0,0,0,0,0,83,74,67,60,57,50,46,42,38,36,32,26,21,20,17,12,9,6,5,3,2,1,1,1,0,0,0,0,0,0,0,0,0,0,0
1936,68,62,52,47,41,38,32,27,22,19,17,16,9,5,3,1,1,1,1,1,0,0,0,0,0,0,0,0,0,0,0,0,0,0,0,68,62,52,47,41,38,32,27,22,19,17,16,9,5,3,1,1,1,1,1,0,0,0,0,0,0,0,0,0,0,0,0,0,0,0,66,62,52,47,41,38,31,27,22,19,17,16,9,5,3,1,1,1,1,1,0,0,0,0,0,0,0,0,0,0,0,0,0,0,0,66,62,52,47,41,38,31,27,22,19,17,16,9,5,3,1,1,1,1,1,0,0,0,0,0,0,0,0,0,0,0,0,0,0,0
1937,90,86,78,72,60,53,51,47,43,41,33,23,20,18,13,9,6,4,3,3,3,1,1,0,0,0,0,0,0,0,0,0,0,0,0,90,86,78,72,60,53,51,47,43,41,33,23,20,18,13,9,6,4,3,3,3,1,1,0,0,0,0,0,0,0,0,0,0,0,0,90,83,77,66,57,52,51,47,43,41,32,23,20,17,12,8,6,4,3,3,3,1,1,0,0,0,0,0,0,0,0,0,0,0,0,90,83,77,66,57,52,51,47,43,41,32,23,20,17,12,8,6,4,3,3,3,1,1,0,0,0,0,0,0,0,0,0,0,0,0
1938,81,81,76,68,56,52,45,41,40,28,26,23,19,16,14,10,9,5,3,3,1,0,0,0,0,0,0,0,0,0,0,0,0,0,0,81,81,76,68,56,52,45,41,40,28,26,23,19,16,14,10,9,5,3,3,1,0,0,0,0,0,0,0,0,0,0,0,0,0,0,81,81,76,68,56,52,45,41,40,28,26,23,19,16,14,10,9,4,3,3,1,0,0,0,0,0,0,0,0,0,0,0,0,0,0,81,81,76,68,56,52,45,41,40,28,26,23,19,16,14,10,9,4,3,3,1,0,0,0,0,0,0,0,0,0,0,0,0,0,0
1939,82,74,64,62,59,55,50,44,38,31,25,18,11,9,6,3,3,2,2,1,1,0,0,0,0,0,0,0,0,0,0,0,0,0,0,82,74,64,62,59,55,50,44,38,31,25,18,11,9,6,3,3,2,2,1,1,0,0,0,0,0,0,0,0,0,0,0,0,0,0,81,74,64,62,57,53,48,43,35,31,25,18,10,8,6,3,2,2,2,1,1,0,0,0,0,0,0,0,0,0,0,0,0,0,0,81,74,64,62,57,53,48,43,35,31,25,18,10,8,6,3,2,2,2,1,1,0,0,0,0,0,0,0,0,0,0,0,0,0,0
1940,76,66,61,55,50,45,38,31,25,16,8,2,2,1,1,0,0,0,0,0,0,0,0,0,0,0,0,0,0,0,0,0,0,0,0,76,66,61,55,50,45,38,31,25,16,8,2,2,1,1,0,0,0,0,0,0,0,0,0,0,0,0,0,0,0,0,0,0,0,0,76,66,60,55,50,43,36,30,23,15,8,2,2,1,1,0,0,0,0,0,0,0,0,0,0,0,0,0,0,0,0,0,0,0,0,76,66,60,55,50,43,36,30,23,15,8,2,2,1,1,0,0,0,0,0,0,0,0,0,0,0,0,0,0,0,0,0,0,0,0
1941,68,54,48,45,42,34,29,26,23,23,21,20,16,13,11,10,7,6,3,3,1,0,0,0,0,0,0,0,0,0,0,0,0,0,0,67,53,48,45,42,34,29,26,23,23,21,20,16,13,11,10,7,6,3,3,1,0,0,0,0,0,0,0,0,0,0,0,0,0,0,65,53,48,45,41,34,28,25,23,23,20,18,15,11,10,9,5,4,2,2,1,0,0,0,0,0,0,0,0,0,0,0,0,0,0,65,53,48,45,41,34,28,25,23,23,20,18,15,11,10,9,5,4,2,2,1,0,0,0,0,0,0,0,0,0,0,0,0,0,0
1942,77,69,62,55,45,40,33,30,28,24,20,17,13,11,8,7,3,1,0,0,0,0,0,0,0,0,0,0,0,0,0,0,0,0,0,77,69,62,55,45,40,33,30,28,24,20,17,13,11,8,7,3,1,0,0,0,0,0,0,0,0,0,0,0,0,0,0,0,0,0,74,67,59,53,44,39,33,29,25,20,18,17,13,10,8,7,3,0,0,0,0,0,0,0,0,0,0,0,0,0,0,0,0,0,0,74,67,59,53,44,39,33,29,25,20,18,17,13,10,8,7,3,0,0,0,0,0,0,0,0,0,0,0,0,0,0,0,0,0,0
1943,81,70,64,58,50,41,37,32,30,26,22,22,20,18,16,15,13,12,10,9,8,8,7,6,5,3,1,1,0,0,0,0,0,0,0,81,70,64,58,50,41,37,32,30,26,22,22,20,18,16,15,13,12,10,9,8,8,7,6,5,3,1,1,0,0,0,0,0,0,0,79,68,61,54,48,40,36,32,29,26,22,21,19,17,15,15,13,12,10,9,8,8,7,6,5,3,1,1,0,0,0,0,0,0,0,79,68,61,54,48,40,36,32,29,26,22,21,19,17,15,15,13,12,10,9,8,8,7,6,5,3,1,1,0,0,0,0,0,0,0
1944,85,80,75,69,61,56,51,46,38,33,32,27,24,21,17,15,14,13,11,6,6,3,2,2,1,1,1,1,0,0,0,0,0,0,0,85,80,75,69,61,56,51,46,38,33,32,27,24,21,17,15,14,13,11,6,6,3,2,2,1,1,1,1,0,0,0,0,0,0,0,83,76,72,64,55,50,47,43,35,30,29,25,23,20,17,15,14,12,10,4,4,2,2,1,1,1,1,1,0,0,0,0,0,0,0,83,76,72,64,55,50,47,43,35,30,29,25,23,20,17,15,14,12,10,4,4,2,2,1,1,1,1,1,0,0,0,0,0,0,0
1945,80,75,66,56,48,43,40,35,34,30,24,21,16,13,13,5,5,3,3,3,1,0,0,0,0,0,0,0,0,0,0,0,0,0,0,80,75,66,56,48,43,40,35,34,30,24,21,16,13,13,5,5,3,3,3,1,0,0,0,0,0,0,0,0,0,0,0,0,0,0,79,71,60,53,46,40,36,33,31,27,21,18,14,10,10,4,4,2,2,1,1,0,0,0,0,0,0,0,0,0,0,0,0,0,0,79,71,60,53,46,40,36,33,31,27,21,18,14,10,10,4,4,2,2,1,1,0,0,0,0,0,0,0,0,0,0,0,0,0,0
1946,88,76,70,61,50,41,38,32,25,21,19,17,16,11,11,10,9,7,5,4,3,2,2,1,1,0,0,0,0,0,0,0,0,0,0,88,76,70,61,50,41,38,32,25,21,19,17,16,11,11,10,9,7,5,4,3,2,2,1,1,0,0,0,0,0,0,0,0,0,0,85,72,65,56,50,40,36,30,23,21,19,17,16,11,10,9,9,7,5,4,3,2,2,1,1,0,0,0,0,0,0,0,0,0,0,85,72,65,56,50,40,36,30,23,21,19,17,16,11,10,9,9,7,5,4,3,2,2,1,1,0,0,0,0,0,0,0,0,0,0
1947,125,118,111,103,97,89,81,73,67,60,53,51,48,43,41,40,38,37,30,26,21,16,7,5,2,2,2,1,0,0,0,0,0,0,0,125,118,111,103,96,89,81,73,67,60,53,51,48,43,41,40,38,37,30,26,21,16,7,5,2,2,2,1,0,0,0,0,0,0,0,125,118,110,101,93,87,80,72,66,60,52,50,46,42,41,40,38,37,30,26,19,15,7,5,2,2,2,1,0,0,0,0,0,0,0,125,118,110,101,93,87,80,72,66,60,52,50,46,42,41,40,38,37,30,26,19,15,7,5,2,2,2,1,0,0,0,0,0,0,0
1948,78,69,65,58,51,45,40,32,31,25,21,21,19,18,16,16,14,10,9,7,5,1,1,0,0,0,0,0,0,0,0,0,0,0,0,78,69,65,58,51,45,40,32,31,25,21,21,19,18,16,16,14,10,9,7,5,1,1,0,0,0,0,0,0,0,0,0,0,0,0,78,69,64,57,50,45,39,31,30,25,20,20,19,17,16,16,13,10,9,7,5,1,1,0,0,0,0,0,0,0,0,0,0,0,0,78,69,64,57,50,45,39,31,30,25,20,20,19,17,16,16,13,10,9,7,5,1,1,0,0,0,0,0,0,0,0,0,0,0,0
1949,98,88,83,77,68,58,51,50,45,43,38,32,26,22,18,14,8,7,4,3,2,2,1,1,0,0,0,0,0,0,0,0,0,0,0,98,88,83,77,68,58,51,50,45,43,38,32,26,22,18,14,8,7,4,3,2,2,1,1,0,0,0,0,0,0,0,0,0,0,0,98,88,83,77,68,57,51,49,45,43,38,32,26,22,18,14,8,7,4,3,2,2,1,1,0,0,0,0,0,0,0,0,0,0,0,98,88,83,77,68,57,51,49,45,43,38,32,26,22,18,14,8,7,4,3,2,2,1,1,0,0,0,0,0,0,0,0,0,0,0
1950,91,84,83,70,66,56,48,40,37,34,28,24,21,19,16,11,8,7,7,4,3,3,1,0,0,0,0,0,0,0,0,0,0,0,0,91,84,83,70,66,56,48,40,37,34,28,24,21,19,16,11,8,7,7,4,3,3,1,0,0,0,0,0,0,0,0,0,0,0,0,90,82,82,69,65,55,48,40,37,34,28,24,21,19,16,11,8,7,7,4,3,3,1,0,0,0,0,0,0,0,0,0,0,0,0,90,82,82,69,65,55,48,40,37,34,28,24,21,19,16,11,8,7,7,4,3,3,1,0,0,0,0,0,0,0,0,0,0,0,0
1951,76,70,66,59,57,48,44,39,27,21,16,10,8,7,5,5,4,3,1,0,0,0,0,0,0,0,0,0,0,0,0,0,0,0,0,76,70,66,59,57,48,44,39,27,21,16,10,8,7,5,5,4,3,1,0,0,0,0,0,0,0,0,0,0,0,0,0,0,0,0,75,70,66,58,55,48,43,37,26,20,15,10,8,7,5,5,2,1,1,0,0,0,0,0,0,0,0,0,0,0,0,0,0,0,0,75,70,66,58,55,48,43,37,26,20,15,10,8,7,5,5,2,1,1,0,0,0,0,0,0,0,0,0,0,0,0,0,0,0,0
1952,85,78,74,68,64,51,46,41,37,33,30,27,24,19,18,15,15,14,13,12,11,8,5,5,5,4,1,1,0,0,0,0,0,0,0,85,78,74,68,64,51,46,41,37,33,30,27,24,19,18,15,15,14,13,12,11,8,5,5,5,4,1,1,0,0,0,0,0,0,0,83,76,72,66,63,49,45,41,36,33,30,27,24,19,18,15,15,14,13,12,11,8,5,5,5,4,1,1,0,0,0,0,0,0,0,83,76,72,66,63,49,45,41,36,33,30,27,24,19,18,15,15,14,13,12,11,8,5,5,5,4,1,1,0,0,0,0,0,0,0
1953,87,80,73,66,65,55,51,48,41,35,30,28,24,18,14,10,6,2,1,0,0,0,0,0,0,0,0,0,0,0,0,0,0,0,0,87,80,72,66,65,55,51,48,41,35,30,28,24,18,14,10,6,2,1,0,0,0,0,0,0,0,0,0,0,0,0,0,0,0,0,86,79,72,65,63,55,51,47,41,35,30,28,23,18,14,9,6,2,1,0,0,0,0,0,0,0,0,0,0,0,0,0,0,0,0,86,79,72,65,63,55,51,47,41,35,30,28,23,18,14,9,6,2,1,0,0,0,0,0,0,0,0,0,0,0,0,0,0,0,0
1954,67,56,50,47,41,37,33,27,21,16,14,11,9,7,6,4,4,4,3,1,0,0,0,0,0,0,0,0,0,0,0,0,0,0,0,67,56,50,47,41,37,33,27,21,16,14,11,9,7,6,4,4,4,3,1,0,0,0,0,0,0,0,0,0,0,0,0,0,0,0,66,56,50,46,41,37,33,27,21,16,13,11,9,7,6,4,4,4,3,1,0,0,0,0,0,0,0,0,0,0,0,0,0,0,0,66,56,50,46,41,37,33,27,21,16,13,11,9,7,6,4,4,4,3,1,0,0,0,0,0,0,0,0,0,0,0,0,0,0,0
1955,89,78,62,53,45,34,27,24,18,11,9,6,2,2,2,2,1,1,1,0,0,0,0,0,0,0,0,0,0,0,0,0,0,0,0,89,78,62,53,45,34,27,24,18,11,9,6,2,2,2,2,1,1,1,0,0,0,0,0,0,0,0,0,0,0,0,0,0,0,0,89,77,61,53,45,34,27,24,18,11,9,6,2,2,2,2,1,1,1,0,0,0,0,0,0,0,0,0,0,0,0,0,0,0,0,89,77,61,53,45,34,27,24,18,11,9,6,2,2,2,2,1,1,1,0,0,0,0,0,0,0,0,0,0,0,0,0,0,0,0
1956,68,58,51,42,38,26,21,19,14,11,8,6,4,2,1,0,0,0,0,0,0,0,0,0,0,0,0,0,0,0,0,0,0,0,0,68,58,51,42,38,26,21,19,14,11,8,6,4,2,1,0,0,0,0,0,0,0,0,0,0,0,0,0,0,0,0,0,0,0,0,68,58,51,42,36,26,21,18,14,11,8,6,4,2,1,0,0,0,0,0,0,0,0,0,0,0,0,0,0,0,0,0,0,0,0,68,58,51,42,36,26,21,18,14,11,8,6,4,2,1,0,0,0,0,0,0,0,0,0,0,0,0,0,0,0,0,0,0,0,0
1957,58,51,48,43,39,37,32,27,24,22,21,19,18,15,13,11,9,9,7,7,7,7,5,4,4,3,0,0,0,0,0,0,0,0,0,58,51,48,43,39,37,32,27,24,22,21,19,18,15,13,11,9,9,7,7,7,7,5,4,4,3,0,0,0,0,0,0,0,0,0,57,49,48,43,39,37,32,27,24,21,20,16,15,14,12,11,9,9,7,6,6,5,4,4,4,3,0,0,0,0,0,0,0,0,0,57,49,48,43,39,37,32,27,24,21,20,16,15,14,12,11,9,9,7,6,6,5,4,4,4,3,0,0,0,0,0,0,0,0,0
1958,76,68,61,56,52,40,38,35,29,24,17,16,10,7,4,4,3,0,0,0,0,0,0,0,0,0,0,0,0,0,0,0,0,0,0,76,68,61,56,52,40,38,35,29,24,17,16,10,7,4,4,3,0,0,0,0,0,0,0,0,0,0,0,0,0,0,0,0,0,0,75,67,61,55,51,38,36,35,28,23,17,16,9,6,4,4,3,0,0,0,0,0,0,0,0,0,0,0,0,0,0,0,0,0,0,75,67,61,55,51,38,36,35,28,23,17,16,9,6,4,4,3,0,0,0,0,0,0,0,0,0,0,0,0,0,0,0,0,0,0
1959,102,96,84,78,76,68,62,54,47,37,32,30,23,18,10,7,5,4,4,3,3,3,3,2,2,2,2,1,0,0,0,0,0,0,0,102,96,84,78,76,68,62,54,47,37,32,30,23,18,10,7,5,4,4,3,3,3,3,2,2,2,2,1,0,0,0,0,0,0,0,101,94,83,77,75,66,58,53,47,37,32,28,21,14,10,7,5,4,4,3,3,3,3,2,2,2,2,1,0,0,0,0,0,0,0,101,94,83,77,75,66,58,53,47,37,32,28,21,14,10,7,5,4,4,3,3,3,3,2,2,2,2,1,0,0,0,0,0,0,0
1960,61,54,49,45,39,31,26,21,20,17,13,12,9,8,6,4,2,2,2,1,0,0,0,0,0,0,0,0,0,0,0,0,0,0,0,61,54,49,45,39,31,26,21,20,17,13,12,9,8,6,4,2,2,2,1,0,0,0,0,0,0,0,0,0,0,0,0,0,0,0,61,54,49,45,39,29,25,21,20,17,11,9,8,8,6,4,2,2,2,1,0,0,0,0,0,0,0,0,0,0,0,0,0,0,0,61,54,49,45,39,29,25,21,20,17,11,9,8,8,6,4,2,2,2,1,0,0,0,0,0,0,0,0,0,0,0,0,0,0,0
1961,79,72,66,56,46,46,41,34,29,23,21,20,16,16,11,5,4,2,2,1,0,0,0,0,0,0,0,0,0,0,0,0,0,0,0,79,72,66,56,46,46,41,34,29,23,21,20,16,16,11,5,4,2,2,1,0,0,0,0,0,0,0,0,0,0,0,0,0,0,0,79,71,65,56,46,45,40,33,29,23,21,20,16,16,11,5,4,2,2,1,0,0,0,0,0,0,0,0,0,0,0,0,0,0,0,79,71,65,56,46,45,40,33,29,23,21,20,16,16,11,5,4,2,2,1,0,0,0,0,0,0,0,0,0,0,0,0,0,0,0
1962,72,64,58,53,47,42,39,34,25,21,14,13,12,12,9,8,8,5,4,2,2,1,1,0,0,0,0,0,0,0,0,0,0,0,0,72,64,58,53,47,42,39,34,25,21,14,13,12,12,9,8,8,5,4,2,2,1,1,0,0,0,0,0,0,0,0,0,0,0,0,72,64,58,53,47,42,39,34,25,21,14,13,12,12,9,8,8,5,4,2,2,1,1,0,0,0,0,0,0,0,0,0,0,0,0,72,64,58,53,47,42,39,34,25,21,14,13,12,12,9,8,8,5,4,2,2,1,1,0,0,0,0,0,0,0,0,0,0,0,0
1963,77,70,64,54,50,40,35,33,27,21,16,14,13,11,10,9,8,8,7,5,4,2,0,0,0,0,0,0,0,0,0,0,0,0,0,77,70,64,54,50,40,35,33,27,21,16,14,13,11,10,9,8,8,7,5,4,2,0,0,0,0,0,0,0,0,0,0,0,0,0,77,70,64,54,50,40,35,33,27,21,16,14,13,11,10,9,8,8,7,5,4,2,0,0,0,0,0,0,0,0,0,0,0,0,0,77,70,64,54,50,40,35,33,27,21,16,14,13,11,10,9,8,8,7,5,4,2,0,0,0,0,0,0,0,0,0,0,0,0,0
1964,91,85,83,74,66,59,53,48,44,35,31,29,24,23,21,20,18,14,11,8,6,4,1,1,0,0,0,0,0,0,0,0,0,0,0,91,85,83,74,66,59,53,48,44,35,31,29,24,23,21,20,18,14,11,8,6,4,1,1,0,0,0,0,0,0,0,0,0,0,0,91,85,83,74,66,59,53,48,44,35,31,29,24,23,21,20,18,14,11,8,6,4,1,1,0,0,0,0,0,0,0,0,0,0,0,91,85,83,74,66,59,53,48,44,35,31,29,24,23,21,20,18,14,11,8,6,4,1,1,0,0,0,0,0,0,0,0,0,0,0
1965,55,45,36,35,30,25,18,15,12,11,9,7,7,6,6,4,3,2,2,0,0,0,0,0,0,0,0,0,0,0,0,0,0,0,0,55,45,36,35,30,25,18,15,12,11,9,7,7,6,6,4,3,2,2,0,0,0,0,0,0,0,0,0,0,0,0,0,0,0,0,55,45,36,35,30,25,18,15,12,11,9,7,7,6,6,4,3,2,2,0,0,0,0,0,0,0,0,0,0,0,0,0,0,0,0,55,45,36,35,30,25,18,15,12,11,9,7,7,6,6,4,3,2,2,0,0,0,0,0,0,0,0,0,0,0,0,0,0,0,0
1966,73,64,59,53,50,45,34,31,23,19,16,11,8,5,4,3,3,1,1,1,1,1,0,0,0,0,0,0,0,0,0,0,0,0,0,73,64,59,53,50,45,34,31,23,19,16,11,8,5,4,3,3,1,1,1,1,1,0,0,0,0,0,0,0,0,0,0,0,0,0,73,64,59,53,50,45,34,31,23,19,16,11,8,5,4,3,3,1,1,1,1,1,0,0,0,0,0,0,0,0,0,0,0,0,0,73,64,59,53,50,45,34,31,23,19,16,11,8,5,4,3,3,1,1,1,1,1,0,0,0,0,0,0,0,0,0,0,0,0,0
1967,83,70,64,51,47,43,41,36,32,26,23,18,17,14,9,9,5,3,1,0,0,0,0,0,0,0,0,0,0,0,0,0,0,0,0,83,69,64,51,47,43,41,36,32,26,23,18,17,14,9,9,5,3,1,0,0,0,0,0,0,0,0,0,0,0,0,0,0,0,0,83,69,64,51,47,43,41,36,32,26,23,18,17,14,9,9,5,3,1,0,0,0,0,0,0,0,0,0,0,0,0,0,0,0,0,83,69,64,51,47,43,41,36,32,26,23,18,17,14,9,9,5,3,1,0,0,0,0,0,0,0,0,0,0,0,0,0,0,0,0
1968,74,71,67,59,51,43,37,30,25,20,15,14,12,10,7,7,5,2,1,0,0,0,0,0,0,0,0,0,0,0,0,0,0,0,0,74,71,67,59,51,43,37,30,25,20,15,14,12,10,7,7,5,2,1,0,0,0,0,0,0,0,0,0,0,0,0,0,0,0,0,74,71,67,59,51,43,37,30,25,20,15,14,12,10,7,7,5,2,1,0,0,0,0,0,0,0,0,0,0,0,0,0,0,0,0,74,71,67,59,51,43,37,30,25,20,15,14,12,10,7,7,5,2,1,0,0,0,0,0,0,0,0,0,0,0,0,0,0,0,0
1969,80,74,71,65,57,55,46,37,27,24,22,20,18,16,15,11,8,6,5,2,1,0,0,0,0,0,0,0,0,0,0,0,0,0,0,80,74,71,65,57,55,46,37,27,24,22,20,18,16,15,11,8,6,5,2,1,0,0,0,0,0,0,0,0,0,0,0,0,0,0,80,74,71,65,57,55,46,37,27,24,22,20,18,16,15,11,8,6,5,2,1,0,0,0,0,0,0,0,0,0,0,0,0,0,0,80,74,71,65,57,55,46,37,27,24,22,20,18,16,15,11,8,6,5,2,1,0,0,0,0,0,0,0,0,0,0,0,0,0,0
1970,82,76,69,60,56,48,41,34,28,22,18,15,10,7,5,2,1,1,0,0,0,0,0,0,0,0,0,0,0,0,0,0,0,0,0,82,76,69,60,56,48,41,34,28,21,18,15,10,7,5,2,1,1,0,0,0,0,0,0,0,0,0,0,0,0,0,0,0,0,0,82,76,69,60,56,48,41,34,28,21,18,15,10,7,5,2,1,1,0,0,0,0,0,0,0,0,0,0,0,0,0,0,0,0,0,82,76,69,60,56,48,41,34,28,21,18,15,10,7,5,2,1,1,0,0,0,0,0,0,0,0,0,0,0,0,0,0,0,0,0
1971,85,76,70,63,59,52,46,42,36,35,31,26,23,21,19,17,15,10,7,3,3,3,2,1,0,0,0,0,0,0,0,0,0,0,0,85,76,69,63,59,52,46,41,35,34,31,26,23,21,19,17,15,10,7,3,3,3,2,1,0,0,0,0,0,0,0,0,0,0,0,85,76,69,63,59,52,46,41,34,33,31,26,23,21,19,17,15,10,7,3,3,3,2,1,0,0,0,0,0,0,0,0,0,0,0,85,76,69,63,59,52,46,41,34,33,31,26,23,21,19,17,15,10,7,3,3,3,2,1,0,0,0,0,0,0,0,0,0,0,0
1972,48,45,41,38,36,33,31,30,25,24,20,17,14,10,10,10,8,6,2,1,0,0,0,0,0,0,0,0,0,0,0,0,0,0,0,48,45,41,37,36,33,31,30,25,24,20,17,14,10,10,10,8,6,2,1,0,0,0,0,0,0,0,0,0,0,0,0,0,0,0,48,45,41,37,36,33,31,30,24,23,20,17,14,10,10,10,8,6,2,1,0,0,0,0,0,0,0,0,0,0,0,0,0,0,0,48,45,41,37,36,33,31,30,24,23,20,17,14,10,10,10,8,6,2,1,0,0,0,0,0,0,0,0,0,0,0,0,0,0,0
1973,98,87,77,70,64,57,49,42,37,35,32,28,19,16,13,7,5,2,0,0,0,0,0,0,0,0,0,0,0,0,0,0,0,0,0,97,86,77,69,63,56,49,42,37,35,32,28,19,16,13,7,4,1,0,0,0,0,0,0,0,0,0,0,0,0,0,0,0,0,0,96,86,77,69,63,56,49,42,37,35,32,28,19,16,13,7,4,1,0,0,0,0,0,0,0,0,0,0,0,0,0,0,0,0,0,96,86,77,69,63,56,49,42,37,35,32,28,19,16,13,7,4,1,0,0,0,0,0,0,0,0,0,0,0,0,0,0,0,0,0
1974,66,58,48,44,36,32,28,19,14,12,9,8,8,6,5,5,5,4,3,1,1,1,1,0,0,0,0,0,0,0,0,0,0,0,0,66,58,48,44,36,32,28,19,14,12,9,8,8,6,5,5,5,4,3,1,1,1,1,0,0,0,0,0,0,0,0,0,0,0,0,65,57,48,44,36,32,28,19,14,12,9,8,8,6,5,5,5,4,3,1,1,1,1,0,0,0,0,0,0,0,0,0,0,0,0,65,57,48,44,36,32,28,19,14,12,9,8,8,6,5,5,5,4,3,1,1,1,1,0,0,0,0,0,0,0,0,0,0,0,0
1975,89,81,75,68,63,60,54,48,40,36,31,25,17,15,13,13,10,7,6,3,1,0,0,0,0,0,0,0,0,0,0,0,0,0,0,88,79,74,68,63,59,52,47,39,36,31,25,17,15,12,10,7,5,3,0,0,0,0,0,0,0,0,0,0,0,0,0,0,0,0,88,79,74,66,62,58,51,46,39,36,31,25,17,15,12,10,7,5,3,0,0,0,0,0,0,0,0,0,0,0,0,0,0,0,0,88,79,74,66,62,58,51,46,39,36,31,25,17,15,12,10,7,5,3,0,0,0,0,0,0,0,0,0,0,0,0,0,0,0,0
1976,93,88,84,77,71,60,57,50,45,38,35,31,26,22,21,19,18,13,12,12,5,5,2,0,0,0,0,0,0,0,0,0,0,0,0,93,88,84,77,71,59,55,49,44,38,35,31,26,22,21,19,18,13,11,11,5,5,2,0,0,0,0,0,0,0,0,0,0,0,0,93,88,84,76,70,57,54,49,44,38,35,31,26,22,21,19,18,13,11,11,5,5,2,0,0,0,0,0,0,0,0,0,0,0,0,93,88,84,76,70,57,54,49,44,38,35,31,26,22,21,19,18,13,11,11,5,5,2,0,0,0,0,0,0,0,0,0,0,0,0
1977,68,59,55,45,40,35,31,24,17,12,6,5,4,3,3,1,1,0,0,0,0,0,0,0,0,0,0,0,0,0,0,0,0,0,0,68,59,55,45,40,35,30,22,16,10,5,5,4,3,3,1,1,0,0,0,0,0,0,0,0,0,0,0,0,0,0,0,0,0,0,68,59,55,45,40,35,30,22,16,10,5,5,4,3,3,1,1,0,0,0,0,0,0,0,0,0,0,0,0,0,0,0,0,0,0,68,59,55,45,40,35,30,22,16,10,5,5,4,3,3,1,1,0,0,0,0,0,0,0,0,0,0,0,0,0,0,0,0,0,0
1978,57,43,38,28,27,23,22,19,17,12,10,8,6,5,3,3,1,0,0,0,0,0,0,0,0,0,0,0,0,0,0,0,0,0,0,56,42,38,28,27,23,22,18,16,12,10,8,6,5,3,3,1,0,0,0,0,0,0,0,0,0,0,0,0,0,0,0,0,0,0,56,42,37,28,27,23,22,18,16,12,10,8,6,5,3,3,1,0,0,0,0,0,0,0,0,0,0,0,0,0,0,0,0,0,0,56,42,37,28,27,23,22,18,16,12,10,8,6,5,3,3,1,0,0,0,0,0,0,0,0,0,0,0,0,0,0,0,0,0,0
1979,86,72,66,59,52,45,37,35,27,19,18,15,12,10,7,4,2,0,0,0,0,0,0,0,0,0,0,0,0,0,0,0,0,0,0,86,72,66,59,52,45,37,35,27,19,18,15,12,10,7,4,2,0,0,0,0,0,0,0,0,0,0,0,0,0,0,0,0,0,0,86,72,66,59,52,45,37,35,27,19,18,15,12,10,7,4,2,0,0,0,0,0,0,0,0,0,0,0,0,0,0,0,0,0,0,86,72,66,59,52,45,37,35,27,19,18,15,12,10,7,4,2,0,0,0,0,0,0,0,0,0,0,0,0,0,0,0,0,0,0
1980,57,49,46,42,36,32,23,16,11,8,8,4,3,3,3,3,2,2,2,1,1,0,0,0,0,0,0,0,0,0,0,0,0,0,0,57,49,46,42,36,32,23,16,11,8,7,4,3,3,3,3,2,2,1,1,1,0,0,0,0,0,0,0,0,0,0,0,0,0,0,57,49,46,42,36,32,23,16,11,8,7,4,3,3,3,3,2,2,1,1,1,0,0,0,0,0,0,0,0,0,0,0,0,0,0,57,49,46,42,36,32,23,16,11,8,7,4,3,3,3,3,2,2,1,1,1,0,0,0,0,0,0,0,0,0,0,0,0,0,0
1981,78,69,60,52,48,41,38,32,28,22,19,13,12,10,5,2,0,0,0,0,0,0,0,0,0,0,0,0,0,0,0,0,0,0,0,77,69,60,52,48,41,38,32,28,22,19,13,12,10,5,2,0,0,0,0,0,0,0,0,0,0,0,0,0,0,0,0,0,0,0,77,69,60,52,48,41,38,32,28,22,19,13,12,10,5,2,0,0,0,0,0,0,0,0,0,0,0,0,0,0,0,0,0,0,0,77,69,60,52,48,41,38,32,28,22,19,13,12,10,5,2,0,0,0,0,0,0,0,0,0,0,0,0,0,0,0,0,0,0,0
1982,97,93,85,79,75,68,58,53,49,42,35,31,28,25,17,8,7,6,4,3,0,0,0,0,0,0,0,0,0,0,0,0,0,0,0,97,93,85,79,75,68,58,53,49,42,35,31,28,25,17,8,7,6,4,3,0,0,0,0,0,0,0,0,0,0,0,0,0,0,0,97,93,85,79,74,68,58,53,48,42,34,31,28,25,17,8,7,6,4,3,0,0,0,0,0,0,0,0,0,0,0,0,0,0,0,97,93,85,79,74,68,58,53,48,42,34,31,28,25,17,8,7,6,4,3,0,0,0,0,0,0,0,0,0,0,0,0,0,0,0
1983,96,86,82,78,73,72,66,62,59,55,46,40,34,29,25,17,16,11,8,7,6,5,4,4,4,3,3,2,1,0,0,0,0,0,0,96,86,82,78,73,72,66,62,59,55,46,40,34,29,25,17,16,11,8,7,6,5,4,4,4,3,3,2,1,0,0,0,0,0,0,96,86,82,78,73,72,66,62,59,55,46,40,34,29,25,17,16,11,8,7,6,5,4,4,4,3,3,2,1,0,0,0,0,0,0,96,86,82,78,73,72,66,62,59,55,46,40,34,29,25,17,16,11,8,7,6,5,4,4,4,3,3,2,1,0,0,0,0,0,0
1984,61,55,52,47,42,35,30,24,19,16,15,13,11,9,7,6,6,5,4,4,2,1,1,1,1,1,0,0,0,0,0,0,0,0,0,61,55,52,47,42,35,30,24,19,16,15,13,11,9,7,6,6,5,4,4,2,1,1,1,1,1,0,0,0,0,0,0,0,0,0,61,55,52,47,42,35,30,24,19,16,15,13,11,9,7,6,6,5,4,4,2,1,1,1,1,1,0,0,0,0,0,0,0,0,0,61,55,52,47,42,35,30,24,19,16,15,13,11,9,7,6,6,5,4,4,2,1,1,1,1,1,0,0,0,0,0,0,0,0,0
1985,86,79,71,62,54,52,46,38,34,27,22,14,13,8,5,4,4,3,3,3,3,2,1,1,0,0,0,0,0,0,0,0,0,0,0,86,79,71,62,54,52,46,38,34,27,22,14,13,8,5,4,4,3,3,3,3,2,1,1,0,0,0,0,0,0,0,0,0,0,0,86,79,71,62,54,51,45,38,34,26,21,13,12,8,5,4,4,3,3,3,3,2,1,1,0,0,0,0,0,0,0,0,0,0,0,86,79,71,62,54,51,45,38,34,26,21,13,12,8,5,4,4,3,3,3,3,2,1,1,0,0,0,0,0,0,0,0,0,0,0
1986,81,74,71,66,65,58,54,48,40,35,28,24,20,12,9,8,6,4,3,2,2,2,2,1,0,0,0,0,0,0,0,0,0,0,0,81,74,71,66,65,58,54,48,40,35,28,24,20,12,9,8,6,4,3,2,2,2,2,1,0,0,0,0,0,0,0,0,0,0,0,80,73,70,66,65,58,54,48,40,35,28,24,20,12,9,8,6,4,3,2,2,2,2,1,0,0,0,0,0,0,0,0,0,0,0,80,73,70,66,65,58,54,48,40,35,28,24,20,12,9,8,6,4,3,2,2,2,2,1,0,0,0,0,0,0,0,0,0,0,0
1987,74,65,56,51,46,45,37,30,26,23,18,14,9,7,4,3,2,1,1,0,0,0,0,0,0,0,0,0,0,0,0,0,0,0,0,74,64,56,51,46,44,37,30,26,23,18,14,9,7,4,3,2,1,1,0,0,0,0,0,0,0,0,0,0,0,0,0,0,0,0,74,64,56,51,46,44,37,30,26,23,18,14,9,7,4,3,2,1,1,0,0,0,0,0,0,0,0,0,0,0,0,0,0,0,0,74,64,56,51,46,44,37,30,26,23,18,14,9,7,4,3,2,1,1,0,0,0,0,0,0,0,0,0,0,0,0,0,0,0,0
1988,89,76,63,51,48,41,35,33,28,23,19,18,13,10,7,6,4,2,2,2,1,0,0,0,0,0,0,0,0,0,0,0,0,0,0,89,76,63,51,48,41,35,33,28,23,19,18,13,10,7,6,4,2,2,2,1,0,0,0,0,0,0,0,0,0,0,0,0,0,0,89,76,63,51,48,41,35,33,27,22,19,18,13,10,7,6,4,2,2,2,1,0,0,0,0,0,0,0,0,0,0,0,0,0,0,89,76,63,51,48,41,35,33,27,22,19,18,13,10,7,6,4,2,2,2,1,0,0,0,0,0,0,0,0,0,0,0,0,0,0
1989,101,95,86,79,69,59,51,43,35,29,26,24,19,16,11,10,7,5,3,2,1,1,1,1,1,0,0,0,0,0,0,0,0,0,0,101,95,86,79,69,59,51,43,35,29,26,24,19,16,11,10,7,5,3,2,1,1,1,1,1,0,0,0,0,0,0,0,0,0,0,101,94,86,79,69,59,51,43,35,29,26,24,19,16,10,9,6,5,3,2,1,1,1,1,1,0,0,0,0,0,0,0,0,0,0,101,94,86,79,69,59,51,43,35,29,26,24,19,16,10,9,6,5,3,2,1,1,1,1,1,0,0,0,0,0,0,0,0,0,0
1990,86,83,79,69,57,52,44,39,36,35,29,26,20,19,15,13,11,9,8,7,4,4,4,1,1,1,0,0,0,0,0,0,0,0,0,86,83,79,69,57,52,44,39,36,35,29,26,20,19,15,13,11,9,8,7,4,4,4,1,1,1,0,0,0,0,0,0,0,0,0,86,83,79,69,57,51,44,39,36,35,29,26,20,19,15,13,11,9,8,7,4,4,4,1,1,1,0,0,0,0,0,0,0,0,0,86,83,79,69,57,51,44,39,36,35,29,26,20,19,15,13,11,9,8,7,4,4,4,1,1,1,0,0,0,0,0,0,0,0,0
1991,93,86,76,71,68,62,55,47,41,37,36,28,21,16,15,14,11,8,5,4,4,4,3,2,1,0,0,0,0,0,0,0,0,0,0,93,86,76,71,68,62,55,47,41,37,36,28,21,16,15,14,11,8,5,4,4,4,3,2,1,0,0,0,0,0,0,0,0,0,0,93,86,76,71,68,62,55,47,41,37,36,28,21,16,15,14,11,8,5,4,4,4,3,1,0,0,0,0,0,0,0,0,0,0,0,93,86,76,71,68,62,55,47,41,37,36,28,21,16,15,14,11,8,5,4,4,4,3,1,0,0,0,0,0,0,0,0,0,0,0
1992,110,102,93,87,80,67,60,55,50,42,41,33,27,22,21,21,19,17,12,10,9,7,5,3,2,1,1,1,1,0,0,0,0,0,0,109,102,93,87,79,67,60,55,50,42,41,33,27,22,21,21,19,17,12,10,9,7,5,3,2,1,1,1,1,0,0,0,0,0,0,109,102,93,87,79,67,60,55,50,42,41,33,27,22,21,21,19,17,12,10,9,7,5,3,2,1,1,1,1,0,0,0,0,0,0,109,102,93,87,79,67,60,55,50,42,41,33,27,22,21,21,19,17,12,10,9,7,5,3,2,1,1,1,1,0,0,0,0,0,0
1993,91,86,78,73,64,54,49,38,37,31,26,21,18,10,5,3,2,2,2,0,0,0,0,0,0,0,0,0,0,0,0,0,0,0,0,91,86,78,73,64,54,49,38,37,31,26,21,18,9,5,3,2,2,2,0,0,0,0,0,0,0,0,0,0,0,0,0,0,0,0,91,86,78,73,64,54,49,38,37,30,26,21,18,9,5,3,2,2,2,0,0,0,0,0,0,0,0,0,0,0,0,0,0,0,0,91,86,78,73,64,54,49,38,37,30,26,21,18,9,5,3,2,2,2,0,0,0,0,0,0,0,0,0,0,0,0,0,0,0,0
1994,84,80,73,67,61,58,55,53,48,44,43,39,33,30,30,28,24,18,16,13,11,9,8,6,4,3,3,0,0,0,0,0,0,0,0,84,80,73,67,61,58,55,53,48,44,43,39,33,30,30,28,24,18,16,13,11,9,8,6,4,3,3,0,0,0,0,0,0,0,0,84,80,73,67,61,58,55,53,48,44,43,39,33,30,30,27,24,18,16,13,11,9,8,6,4,3,3,0,0,0,0,0,0,0,0,84,80,73,67,61,58,55,53,48,44,43,39,33,30,30,27,24,18,16,13,11,9,8,6,4,3,3,0,0,0,0,0,0,0,0
1995,85,78,76,73,68,63,57,51,47,41,38,35,32,29,27,20,12,7,5,4,3,3,2,1,1,0,0,0,0,0,0,0,0,0,0,85,78,76,73,68,63,57,51,47,41,38,35,32,29,27,20,12,7,5,4,3,3,2,1,1,0,0,0,0,0,0,0,0,0,0,85,78,76,73,68,63,57,51,47,41,38,35,32,29,27,20,12,7,5,4,3,3,2,1,1,0,0,0,0,0,0,0,0,0,0,85,78,76,73,68,63,57,51,47,41,38,35,32,29,27,20,12,7,5,4,3,3,2,1,1,0,0,0,0,0,0,0,0,0,0
1996,73,62,58,53,51,45,40,39,30,22,18,12,9,7,4,3,2,2,1,0,0,0,0,0,0,0,0,0,0,0,0,0,0,0,0,72,62,58,53,51,45,40,39,30,22,18,12,9,7,4,3,2,2,1,0,0,0,0,0,0,0,0,0,0,0,0,0,0,0,0,72,62,58,53,51,45,40,39,30,22,18,12,9,7,4,3,2,2,1,0,0,0,0,0,0,0,0,0,0,0,0,0,0,0,0,72,62,58,53,51,45,40,39,30,22,18,12,9,7,4,3,2,2,1,0,0,0,0,0,0,0,0,0,0,0,0,0,0,0,0
1997,97,87,81,75,71,63,57,51,40,35,32,26,20,16,12,8,5,4,3,3,1,0,0,0,0,0,0,0,0,0,0,0,0,0,0,97,87,81,75,71,63,57,51,40,35,32,26,20,16,12,8,5,4,3,3,1,0,0,0,0,0,0,0,0,0,0,0,0,0,0,97,86,81,75,71,63,56,50,40,35,32,25,20,16,12,8,5,4,3,3,1,0,0,0,0,0,0,0,0,0,0,0,0,0,0,97,86,81,75,71,63,56,50,40,35,32,25,20,16,12,8,5,4,3,3,1,0,0,0,0,0,0,0,0,0,0,0,0,0,0
1998,80,75,66,60,58,51,44,41,32,28,27,25,23,20,17,14,11,10,9,8,8,6,6,4,4,3,1,1,0,0,0,0,0,0,0,80,75,66,60,58,51,44,41,32,28,27,25,23,20,17,14,11,10,9,8,8,6,6,4,4,3,1,1,0,0,0,0,0,0,0,80,75,66,60,58,51,44,41,32,28,27,25,23,20,17,14,11,10,9,8,8,6,6,4,4,3,1,1,0,0,0,0,0,0,0,80,75,66,60,58,51,44,41,32,28,27,25,23,20,17,14,11,10,9,8,8,6,6,4,4,3,1,1,0,0,0,0,0,0,0
1999,96,84,74,69,62,57,50,46,42,35,32,26,21,15,13,10,5,4,3,1,1,0,0,0,0,0,0,0,0,0,0,0,0,0,0,96,84,74,68,62,57,50,46,42,34,32,26,21,15,13,10,5,4,3,1,1,0,0,0,0,0,0,0,0,0,0,0,0,0,0,96,84,74,68,62,57,50,46,42,34,32,26,21,15,13,10,5,4,3,1,1,0,0,0,0,0,0,0,0,0,0,0,0,0,0,96,84,74,68,62,57,50,46,42,34,32,26,21,15,13,10,5,4,3,1,1,0,0,0,0,0,0,0,0,0,0,0,0,0,0
2000,100,92,84,73,62,55,51,47,41,34,32,26,21,16,11,8,6,4,3,3,2,2,2,1,0,0,0,0,0,0,0,0,0,0,0,100,92,84,73,62,55,51,47,41,34,32,26,21,16,11,8,6,4,3,3,2,2,2,1,0,0,0,0,0,0,0,0,0,0,0,100,92,83,73,62,55,51,47,41,34,32,26,21,16,11,8,6,4,3,3,2,2,2,1,0,0,0,0,0,0,0,0,0,0,0,100,92,83,73,62,55,51,47,41,34,32,26,21,16,11,8,6,4,3,3,2,2,2,1,0,0,0,0,0,0,0,0,0,0,0
2001,89,78,71,61,57,54,47,44,38,36,30,27,22,21,20,12,10,9,9,7,3,2,0,0,0,0,0,0,0,0,0,0,0,0,0,89,78,71,61,57,54,47,44,38,36,30,27,22,21,19,12,10,9,9,7,3,2,0,0,0,0,0,0,0,0,0,0,0,0,0,89,78,71,61,57,54,47,44,38,36,30,27,22,21,19,12,10,9,9,7,3,2,0,0,0,0,0,0,0,0,0,0,0,0,0,89,78,71,61,57,54,47,44,38,36,30,27,22,21,19,12,10,9,9,7,3,2,0,0,0,0,0,0,0,0,0,0,0,0,0
2002,94,89,80,74,69,62,55,50,43,30,24,20,19,16,14,10,9,6,5,4,3,2,1,1,1,0,0,0,0,0,0,0,0,0,0,94,89,80,74,69,62,55,50,43,30,24,20,19,16,14,10,9,6,5,4,3,2,1,1,1,0,0,0,0,0,0,0,0,0,0,94,89,80,74,69,62,55,50,43,30,24,20,19,16,14,10,9,6,5,4,3,2,1,1,1,0,0,0,0,0,0,0,0,0,0,94,89,80,74,69,62,55,50,43,30,24,20,19,16,14,10,9,6,5,4,3,2,1,1,1,0,0,0,0,0,0,0,0,0,0
2003,121,117,113,106,101,98,95,89,83,78,70,62,55,47,37,30,27,25,24,21,18,16,13,12,10,9,5,5,4,2,2,0,0,0,0,121,117,113,106,101,98,95,89,83,78,70,62,55,47,37,30,27,25,24,21,18,16,13,12,10,9,5,5,4,2,2,0,0,0,0,121,117,113,106,101,98,95,89,83,78,70,62,55,47,37,30,27,25,24,21,18,16,13,12,10,9,5,5,4,2,2,0,0,0,0,121,117,113,106,101,98,95,89,83,78,70,62,55,47,37,30,27,25,24,21,18,16,13,12,10,9,5,5,4,2,2,0,0,0,0
2004,83,80,71,67,59,54,45,42,35,29,27,26,26,23,18,11,10,6,4,1,0,0,0,0,0,0,0,0,0,0,0,0,0,0,0,83,80,71,67,59,54,45,42,35,29,27,26,26,23,18,11,10,6,4,1,0,0,0,0,0,0,0,0,0,0,0,0,0,0,0,83,80,71,67,59,54,45,42,35,29,27,26,26,23,18,11,10,6,4,1,0,0,0,0,0,0,0,0,0,0,0,0,0,0,0,83,80,71,67,59,54,45,42,35,29,27,26,26,23,18,11,10,6,4,1,0,0,0,0,0,0,0,0,0,0,0,0,0,0,0
2005,87,83,76,70,66,63,56,53,48,40,38,36,33,24,19,16,13,12,8,5,3,3,2,0,0,0,0,0,0,0,0,0,0,0,0,87,83,76,70,66,63,56,53,48,40,38,36,33,24,19,16,13,12,8,5,3,3,2,0,0,0,0,0,0,0,0,0,0,0,0,87,83,76,70,66,63,56,53,48,40,38,36,33,24,19,16,13,12,8,5,3,3,2,0,0,0,0,0,0,0,0,0,0,0,0,87,83,76,70,66,63,56,53,48,40,38,36,33,24,19,16,13,12,8,5,3,3,2,0,0,0,0,0,0,0,0,0,0,0,0
2006,107,95,87,82,80,70,64,58,54,50,46,44,35,30,26,23,21,17,14,8,8,7,6,5,3,1,1,1,0,0,0,0,0,0,0,107,95,87,82,80,70,64,58,54,50,46,44,35,30,26,23,21,17,14,8,8,7,6,5,3,1,1,1,0,0,0,0,0,0,0,107,95,87,82,80,70,64,58,54,50,46,44,35,30,26,23,21,17,14,8,8,7,6,5,3,1,1,1,0,0,0,0,0,0,0,107,95,87,82,80,70,64,58,54,50,46,44,35,30,26,23,21,17,14,8,8,7,6,5,3,1,1,1,0,0,0,0,0,0,0
2007,97,91,83,73,67,58,53,44,41,34,32,27,21,14,11,8,5,2,2,2,2,2,2,2,2,1,1,0,0,0,0,0,0,0,0,97,91,83,73,67,58,53,44,41,34,32,27,21,14,11,8,5,2,2,2,2,2,2,2,2,1,1,0,0,0,0,0,0,0,0,97,91,83,73,67,58,53,44,41,34,32,27,21,14,11,8,5,2,2,2,2,2,2,2,2,1,1,0,0,0,0,0,0,0,0,97,91,83,73,67,58,53,44,41,34,32,27,21,14,11,8,5,2,2,2,2,2,2,2,2,1,1,0,0,0,0,0,0,0,0
2008,101,91,87,76,67,59,56,49,42,38,31,26,23,21,18,15,13,9,8,5,2,1,1,0,0,0,0,0,0,0,0,0,0,0,0,101,91,87,76,67,59,56,49,42,38,31,26,23,21,18,15,13,9,8,5,2,1,1,0,0,0,0,0,0,0,0,0,0,0,0,101,91,87,76,67,59,56,49,42,38,31,26,23,21,18,15,13,9,8,5,2,1,1,0,0,0,0,0,0,0,0,0,0,0,0,101,91,87,76,67,59,56,49,42,38,31,26,23,21,18,15,13,9,8,5,2,1,1,0,0,0,0,0,0,0,0,0,0,0,0
2009,96,83,74,68,61,54,50,47,41,35,28,26,18,16,11,10,8,2,1,1,1,1,1,0,0,0,0,0,0,0,0,0,0,0,0,96,83,74,68,61,54,50,47,41,35,28,26,18,16,11,10,8,2,1,1,1,1,1,0,0,0,0,0,0,0,0,0,0,0,0,96,83,74,68,61,54,50,47,41,35,28,26,18,16,11,10,8,2,1,1,1,1,1,0,0,0,0,0,0,0,0,0,0,0,0,96,83,74,68,61,54,50,47,41,35,28,26,18,16,11,10,8,2,1,1,1,1,1,0,0,0,0,0,0,0,0,0,0,0,0
2010,75,65,61,60,52,48,42,39,32,30,29,25,21,17,13,13,10,9,9,9,8,6,4,4,3,3,1,0,0,0,0,0,0,0,0,75,65,61,60,52,48,42,39,32,30,29,25,21,17,13,13,10,9,9,9,8,6,4,4,3,3,1,0,0,0,0,0,0,0,0,74,65,61,60,52,48,42,39,32,30,29,25,21,17,13,13,10,9,9,9,8,6,4,4,3,3,1,0,0,0,0,0,0,0,0,74,65,61,60,52,48,42,39,32,30,29,25,21,17,13,13,10,9,9,9,8,6,4,4,3,3,1,0,0,0,0,0,0,0,0
2011,103,95,87,75,64,59,55,44,37,32,29,22,16,13,9,8,8,4,3,2,1,0,0,0,0,0,0,0,0,0,0,0,0,0,0,103,95,87,75,64,59,54,43,37,32,29,22,16,13,9,8,8,4,3,2,1,0,0,0,0,0,0,0,0,0,0,0,0,0,0,103,95,87,75,64,59,54,43,37,32,29,22,16,13,9,8,8,4,3,2,1,0,0,0,0,0,0,0,0,0,0,0,0,0,0,103,95,87,75,64,59,54,43,37,32,29,22,16,13,9,8,8,4,3,2,1,0,0,0,0,0,0,0,0,0,0,0,0,0,0
2012,98,91,84,72,66,57,50,46,40,40,31,25,22,20,17,12,12,8,6,5,5,2,2,2,2,2,1,0,0,0,0,0,0,0,0,98,91,84,71,65,57,50,45,40,39,29,24,22,19,17,12,11,5,5,5,5,2,2,2,2,2,1,0,0,0,0,0,0,0,0,98,91,84,71,65,57,50,45,40,39,29,24,22,19,17,12,11,5,5,5,5,2,2,2,2,2,1,0,0,0,0,0,0,0,0,98,91,84,71,65,57,50,45,40,39,29,24,22,19,17,12,11,5,5,5,5,2,2,2,2,2,1,0,0,0,0,0,0,0,0
2013,89,84,76,67,56,51,43,40,32,32,29,24,24,21,20,18,16,12,12,10,6,4,3,2,2,1,1,0,0,0,0,0,0,0,0,89,84,76,67,56,51,43,40,32,32,29,24,24,21,20,18,16,12,12,10,6,4,3,2,2,1,1,0,0,0,0,0,0,0,0,89,84,76,67,56,51,43,40,32,32,29,24,24,21,20,18,16,12,12,10,6,4,3,2,2,1,1,0,0,0,0,0,0,0,0,89,84,76,67,56,51,43,40,32,32,29,24,24,21,20,18,16,12,12,10,6,4,3,2,2,1,1,0,0,0,0,0,0,0,0
2014,80,73,70,61,55,51,46,40,35,34,29,24,18,13,12,8,7,6,6,5,4,3,1,0,0,0,0,0,0,0,0,0,0,0,0,80,73,70,61,55,51,46,40,35,34,29,24,17,13,12,8,7,6,6,5,4,3,1,0,0,0,0,0,0,0,0,0,0,0,0,80,73,70,61,55,51,46,40,35,34,29,24,17,13,12,8,7,6,6,5,4,3,1,0,0,0,0,0,0,0,0,0,0,0,0,80,73,70,61,55,51,46,40,35,34,29,24,17,13,12,8,7,6,6,5,4,3,1,0,0,0,0,0,0,0,0,0,0,0,0
2015,88,83,81,79,72,69,64,61,56,53,48,46,44,39,35,30,26,25,25,22,21,19,18,13,6,5,4,4,0,0,0,0,0,0,0,88,83,81,79,71,68,64,61,56,53,48,46,44,39,35,29,26,25,25,22,21,19,18,12,6,5,4,4,0,0,0,0,0,0,0,88,83,81,79,71,68,64,61,56,53,48,46,44,39,35,29,26,25,25,22,21,19,18,12,6,5,4,4,0,0,0,0,0,0,0,88,83,81,79,71,68,64,61,56,53,48,46,44,39,35,29,26,25,25,22,21,19,18,12,6,5,4,4,0,0,0,0,0,0,0
2016,110,103,90,87,78,71,67,57,48,37,29,26,23,20,18,17,13,11,9,6,5,5,3,3,1,0,0,0,0,0,0,0,0,0,0,110,102,90,87,78,71,67,57,48,37,29,26,23,20,18,17,13,11,9,6,5,5,3,3,1,0,0,0,0,0,0,0,0,0,0,110,102,90,87,78,71,67,57,48,37,29,26,23,20,18,17,13,11,9,6,5,5,3,3,1,0,0,0,0,0,0,0,0,0,0,110,102,90,87,78,71,67,57,48,37,29,26,23,20,18,17,13,11,9,6,5,5,3,3,1,0,0,0,0,0,0,0,0,0,0
2017,94,89,81,76,73,68,66,59,55,49,43,37,31,26,22,16,12,11,8,6,2,1,1,1,0,0,0,0,0,0,0,0,0,0,0,94,89,81,76,73,68,66,59,55,49,43,37,31,26,22,16,12,11,8,6,2,1,1,1,0,0,0,0,0,0,0,0,0,0,0,94,89,81,76,73,68,66,59,55,49,43,37,31,26,22,16,12,11,8,6,2,1,1,1,0,0,0,0,0,0,0,0,0,0,0,94,89,81,76,73,68,66,59,55,49,43,37,31,26,22,16,12,11,8,6,2,1,1,1,0,0,0,0,0,0,0,0,0,0,0
2018,140,132,124,116,108,100,92,90,83,77,65,57,51,44,37,30,29,24,19,15,14,13,11,7,5,3,1,1,1,1,0,0,0,0,0,139,131,124,116,107,99,92,90,83,77,65,57,51,44,37,30,29,24,19,15,14,13,11,7,5,3,1,1,1,1,0,0,0,0,0,139,131,124,116,107,99,92,90,83,77,65,57,50,44,37,30,29,24,19,15,14,13,11,7,5,3,1,1,1,1,0,0,0,0,0,139,131,124,116,107,99,92,90,83,77,65,57,50,44,37,30,29,24,19,15,14,13,11,7,5,3,1,1,1,1,0,0,0,0,0
2019,109,106,97,91,81,76,72,65,57,55,49,48,43,41,34,31,26,23,21,17,12,10,6,5,5,5,5,4,4,3,1,1,0,0,0,109,106,97,91,81,76,72,65,57,55,49,48,43,41,34,31,26,23,21,17,12,10,6,5,5,5,5,4,4,3,1,1,0,0,0,109,106,97,91,81,76,72,64,57,55,49,48,43,41,34,31,26,23,21,17,12,10,6,5,5,5,5,4,4,3,1,1,0,0,0,109,106,97,91,81,76,72,64,57,55,49,48,43,41,34,31,26,23,21,17,12,10,6,5,5,5,5,4,4,3,1,1,0,0,0
2020,109,98,92,86,81,70,63,55,50,45,41,36,33,29,25,22,19,15,13,11,10,9,7,4,3,1,1,0,0,0,0,0,0,0,0,109,98,92,86,81,70,63,55,50,45,41,36,33,29,25,22,19,15,13,11,10,9,7,4,3,1,1,0,0,0,0,0,0,0,0,109,98,92,86,81,70,63,55,50,45,41,36,33,29,25,22,19,15,13,11,10,9,7,3,3,1,1,0,0,0,0,0,0,0,0,109,98,92,86,81,70,63,55,50,45,41,36,33,29,25,22,19,15,13,11,10,9,7,3,3,1,1,0,0,0,0,0,0,0,0
2021,95,89,82,75,69,66,59,48,39,31,25,19,12,12,9,7,6,4,4,4,3,3,2,0,0,0,0,0,0,0,0,0,0,0,0,95,89,82,74,68,66,59,48,39,31,25,19,12,12,9,7,6,4,4,4,3,3,2,0,0,0,0,0,0,0,0,0,0,0,0,95,89,82,74,68,66,59,48,39,31,25,19,12,12,9,7,6,4,4,4,3,3,2,0,0,0,0,0,0,0,0,0,0,0,0,95,89,82,74,68,66,59,48,39,31,25,19,12,12,9,7,6,4,4,4,3,3,2,0,0,0,0,0,0,0,0,0,0,0,0
2022,115,112,108,105,99,91,84,78,73,69,62,56,47,43,40,32,24,21,16,14,14,12,10,8,5,4,4,2,2,0,0,0,0,0,0,115,112,108,105,99,91,84,78,73,69,62,56,47,43,40,32,24,21,16,14,14,12,10,8,5,4,4,2,2,0,0,0,0,0,0,115,112,108,105,99,91,84,78,72,69,62,56,47,43,40,32,24,21,16,14,14,12,10,8,5,4,4,2,2,0,0,0,0,0,0,115,112,108,105,99,91,84,78,72,69,62,56,47,43,40,32,24,21,16,14,14,12,10,8,5,4,4,2,2,0,0,0,0,0,0
2023,117,113,109,100,93,85,75,69,64,57,47,42,36,29,22,16,15,12,6,5,4,4,3,0,0,0,0,0,0,0,0,0,0,0,0,117,113,109,100,93,85,75,69,64,57,47,42,36,28,22,16,15,10,6,5,4,4,3,0,0,0,0,0,0,0,0,0,0,0,0,117,113,109,100,93,85,75,69,63,57,47,42,36,28,22,16,15,10,6,5,4,4,3,0,0,0,0,0,0,0,0,0,0,0,0,117,113,109,100,93,85,75,69,63,57,47,42,36,28,22,16,15,10,6,5,4,4,3,0,0,0,0,0,0,0,0,0,0,0,0
2024,115,108,96,90,82,74,66,60,54,46,44,43,37,33,25,23,16,13,9,5,4,3,0,0,0,0,0,0,0,0,0,0,0,0,0,115,108,96,90,82,74,66,60,54,46,44,43,37,32,25,23,15,12,9,5,4,3,0,0,0,0,0,0,0,0,0,0,0,0,0,115,108,96,90,82,74,66,60,54,46,44,43,37,32,25,23,15,12,9,5,4,3,0,0,0,0,0,0,0,0,0,0,0,0,0,115,108,96,90,82,74,66,60,54,46,44,43,37,32,25,23,15,12,9,5,4,3,0,0,0,0,0,0,0,0,0,0,0,0,0
2025,101,96,87,81,73,65,59,53,48,43,36,34,25,23,19,18,16,15,13,9,7,5,4,3,1,1,1,1,0,0,0,0,0,0,0,101,96,87,81,73,65,59,53,48,43,36,34,25,23,19,18,16,15,13,9,7,5,4,3,1,1,1,1,0,0,0,0,0,0,0,101,96,87,81,73,65,59,52,48,43,36,34,25,23,19,18,16,15,13,9,7,5,4,3,1,1,1,1,0,0,0,0,0,0,0,101,96,87,81,73,65,59,52,48,43,36,34,25,23,19,18,16,15,13,9,7,5,4,3,1,1,1,1,0,0,0,0,0,0,0
